,0,1,2,3,4,5,6,7,8,9,10,11,12,13,14,15
new_indoor/images/Cone_2.jpg,36,48,37,42,39,35,41.0,30.0,43.0,30.0,44,35,45,43,45,48
new_indoor/images/Cone_30.jpg,36,49,37,43,38,34,39.0,26.0,42.0,26.0,44,34,45,43,46,50
new_indoor/images/Cone_47.jpg,33,48,37,41,42,32,46.0,27.0,49.0,28.0,48,34,48,44,47,52
new_indoor/images/Cone_26.jpg,37,48,38,43,40,37,41.0,32.0,43.0,32.0,43,37,44,43,44,48
new_indoor/images/Cone_41.jpg,35,52,37,42,38,33,41.0,24.0,45.0,24.0,46,33,48,43,49,52
new_indoor/images/Cone_34.jpg,31,56,33,44,35,30,36.0,17.0,42.0,17.0,44,30,48,43,50,56
new_indoor/images/Cone_37.jpg,35,49,37,41,40,30,44.0,21.0,50.0,22.0,49,32,50,43,48,53
new_indoor/images/Cone_38.jpg,35,52,37,42,40,31,42.0,20.0,49.0,20.0,49,31,51,44,50,56
new_indoor/images/Cone_6.jpg,34,50,37,43,39,33,41.0,26.0,44.0,26.0,44,34,45,44,46,52
new_indoor/images/Cone_3.jpg,37,48,39,43,41,37,43.0,32.0,45.0,33.0,45,37,45,44,45,50
new_indoor/images/Cone_24.jpg,37,46,38,41,40,33,41.0,27.0,44.0,27.0,44,33,46,41,46,47
new_indoor/images/Cone_43.jpg,35,51,37,43,39,32,41.0,24.0,46.0,24.0,46,32,48,43,48,52
new_indoor/images/Cone_1.jpg,36,46,38,41,39,35,41.0,30.0,44.0,30.0,44,35,44,42,45,47
new_indoor/images/Cone_11.jpg,33,54,35,43,38,31,40.0,22.0,45.0,21.0,46,31,48,44,49,54
new_indoor/images/Cone_28.jpg,37,47,37,42,39,36,41.0,32.0,43.0,32.0,43,36,44,42,44,48
new_indoor/images/Cone_0.jpg,32,52,37,41,41,30,43.0,20.0,48.0,21.0,49,31,50,44,50,55
new_indoor/images/Cone_5.jpg,36,49,38,42,41,33,45.0,26.0,48.0,26.0,47,34,47,44,47,52
new_indoor/images/Cone_4.jpg,34,48,35,42,37,33,38.0,26.0,42.0,26.0,43,32,44,42,45,49
new_indoor/images/Cone_14.jpg,35,49,35,43,35,35,36.0,28.0,39.0,28.0,41,34,43,41,45,47
new_indoor/images/Cone_22.jpg,36,46,36,40,39,34,40.0,27.0,43.0,27.0,43,33,44,40,44,47
new_indoor/images/Cone_8.jpg,27,60,30,49,30,29,32.0,11.0,42.0,10.0,44,27,48,45,53,61
new_indoor/images/Cone_7.jpg,34,52,36,43,38,31,40.0,21.0,45.0,20.0,46,30,48,43,48,53
new_indoor/images/Cone_27.jpg,36,47,37,42,38,34,40.0,29.0,43.0,29.0,43,35,44,42,44,48
new_indoor/images/Cone_31.jpg,33,50,35,41,37,32,38.0,23.0,43.0,23.0,44,32,45,42,46,50
new_indoor/images/Cone_13.jpg,37,47,38,42,40,35,41.0,30.0,44.0,30.0,45,34,46,42,46,47
new_rain_1/images/Cone_294.jpg,24,63,24,46,24,28,24.0,9.0,33.0,7.0,39,25,45,41,52,56
new_rain_1/images/Cone_199.jpg,27,62,27,45,26,28,26.0,11.0,34.0,9.0,40,25,46,40,53,54
new_rain_1/images/Cone_86.jpg,32,51,32,41,31,30,30.0,18.0,36.0,16.0,40,28,45,37,50,46
new_rain_1/images/Cone_364.jpg,29,60,28,46,28,32,28.0,15.0,34.0,14.0,40,29,45,41,51,55
new_rain_1/images/Cone_359.jpg,33,52,34,43,34,32,35.0,25.0,40.0,25.0,43,31,46,42,48,49
new_rain_1/images/Cone_151.jpg,28,71,28,58,28,46,29.0,31.0,36.0,30.0,41,44,44,55,49,68
new_rain_1/images/Cone_413.jpg,32,48,37,40,41,32,45.0,22.0,50.0,24.0,49,35,48,43,48,53
new_rain_1/images/Cone_416.jpg,34,47,36,42,38,33,40.0,26.0,44.0,27.0,46,33,46,43,47,49
new_rain_1/images/Cone_223.jpg,30,53,30,43,29,30,29.0,19.0,34.0,18.0,38,28,44,38,50,46
new_rain_1/images/Cone_29.jpg,36,45,37,40,40,33,43.0,28.0,46.0,29.0,46,34,46,41,46,47
new_rain_1/images/Cone_107.jpg,24,66,24,45,24,23,23.0,2.0,,,42,20,49,41,58,58
new_rain_1/images/Cone_143.jpg,36,52,36,45,36,38,36.0,30.0,39.0,29.0,42,36,45,42,47,49
new_rain_1/images/Cone_380.jpg,30,69,29,57,29,45,28.0,32.0,35.0,30.0,40,43,44,52,49,64
new_rain_1/images/Cone_373.jpg,33,47,35,41,39,32,42.0,22.0,47.0,23.0,47,33,48,42,48,51
new_rain_1/images/Cone_326.jpg,28,57,30,44,30,28,31.0,15.0,40.0,14.0,44,27,47,41,52,54
new_rain_1/images/Cone_124.jpg,26,62,25,46,25,28,25.0,10.0,33.0,9.0,40,25,46,42,53,56
new_rain_1/images/Cone_85.jpg,29,54,30,42,32,29,35.0,17.0,40.0,16.0,43,29,47,42,49,53
new_rain_1/images/Cone_156.jpg,34,55,34,52,34,31,35.0,23.0,38.0,22.0,41,30,47,49,49,53
new_rain_1/images/Cone_422.jpg,31,52,35,42,39,31,43.0,18.0,48.0,19.0,49,33,50,44,51,55
new_rain_1/images/Cone_263.jpg,29,55,34,43,38,31,42.0,17.0,48.0,18.0,49,32,50,45,51,60
new_rain_1/images/Cone_195.jpg,30,56,30,43,29,30,30.0,43.0,34.0,20.0,39,27,46,40,50,49
new_rain_1/images/Cone_252.jpg,23,66,24,45,24,22,25.0,1.0,,,43,19,51,40,57,57
new_rain_1/images/Cone_121.jpg,33,53,33,45,34,36,34.0,26.0,39.0,26.0,42,35,44,43,48,51
new_rain_1/images/Cone_341.jpg,30,55,32,44,34,33,35.0,21.0,40.0,20.0,43,33,45,43,48,53
new_rain_1/images/Cone_234.jpg,30,54,30,44,30,32,29.0,20.0,34.0,19.0,39,30,44,40,49,49
new_rain_1/images/Cone_355.jpg,26,61,28,44,30,26,32.0,10.0,39.0,9.0,44,25,48,42,52,58
new_rain_1/images/Cone_307.jpg,23,69,22,46,22,24,21.0,1.0,,,42,20,50,39,58,59
new_rain_1/images/Cone_362.jpg,30,54,30,45,29,33,27.0,22.0,32.0,20.0,39,29,43,40,49,49
new_rain_1/images/Cone_214.jpg,33,53,34,44,34,35,35.0,24.0,40.0,23.0,43,34,46,42,48,51
new_rain_1/images/Cone_376.jpg,34,47,38,38,43,27,47.0,19.0,52.0,20.0,52,31,51,43,51,55
new_rain_1/images/Cone_129.jpg,32,56,31,45,31,33,30.0,20.0,35.0,19.0,40,31,45,41,50,52
new_rain_1/images/Cone_350.jpg,35,50,36,45,36,39,37.0,33.0,40.0,33.0,42,38,43,44,44,50
new_rain_1/images/Cone_166.jpg,32,49,33,42,36,31,38.0,23.0,43.0,24.0,45,32,46,42,48,51
new_rain_1/images/Cone_386.jpg,26,60,30,43,34,25,37.0,9.0,47.0,9.0,50,27,52,45,52,62
new_rain_1/images/Cone_283.jpg,32,49,35,41,38,33,40.0,24.0,45.0,24.0,46,34,46,42,48,52
new_rain_1/images/Cone_99.jpg,29,56,28,45,28,30,27.0,16.0,35.0,14.0,40,26,46,40,51,51
new_rain_1/images/Cone_7.jpg,31,52,32,42,34,29,36.0,17.0,41.0,17.0,45,28,47,41,49,52
new_rain_1/images/Cone_270.jpg,30,52,36,39,44,24,51.0,11.0,58.0,13.0,56,29,53,46,53,60
new_rain_1/images/Cone_157.jpg,30,57,33,43,36,30,38.0,16.0,46.0,16.0,48,31,50,43,53,58
new_rain_1/images/Cone_335.jpg,27,58,33,40,38,24,44.0,5.0,53.0,6.0,54,27,56,45,56,63
new_rain_1/images/Cone_233.jpg,36,49,37,44,37,40,37.0,34.0,40.0,34.0,42,39,43,44,45,48
new_rain_1/images/Cone_327.jpg,27,53,30,41,35,26,38.0,12.0,48.0,13.0,48,27,50,42,52,57
new_rain_1/images/Cone_75.jpg,24,65,26,48,25,27,26.0,4.0,36.0,3.0,43,24,48,42,56,60
new_rain_1/images/Cone_400.jpg,31,53,32,40,33,30,34.0,18.0,40.0,18.0,43,28,45,39,49,49
new_rain_1/images/Cone_321.jpg,29,59,30,44,32,30,35.0,13.0,42.0,13.0,46,29,49,42,53,56
new_rain_1/images/Cone_26.jpg,33,50,35,40,38,28,42.0,19.0,47.0,20.0,48,30,50,42,51,52
new_rain_1/images/Cone_419.jpg,33,43,36,39,40,30,43.0,23.0,47.0,24.0,47,33,46,42,45,49
new_rain_1/images/Cone_74.jpg,35,52,34,43,34,34,33.0,23.0,37.0,23.0,41,32,45,40,48,47
new_rain_1/images/Cone_28.jpg,35,48,36,42,38,36,40.0,29.0,44.0,30.0,44,37,44,42,45,49
new_rain_1/images/Cone_398.jpg,28,58,28,44,27,30,27.0,16.0,34.0,15.0,39,26,45,41,50,51
new_rain_1/images/Cone_289.jpg,27,61,26,45,26,29,25.0,12.0,33.0,10.0,40,26,45,40,52,55
new_rain_1/images/Cone_34.jpg,30,59,32,44,34,30,35.0,15.0,42.0,14.0,45,30,48,43,53,57
new_rain_1/images/Cone_258.jpg,35,47,38,39,41,32,44.0,24.0,49.0,25.0,48,34,48,42,49,49
new_rain_1/images/Cone_90.jpg,32,53,32,43,32,32,31.0,20.0,36.0,18.0,41,29,46,39,49,48
new_rain_1/images/Cone_206.jpg,32,55,33,44,35,32,35.0,20.0,42.0,19.0,44,32,47,41,51,52
new_rain_1/images/Cone_117.jpg,22,65,23,44,23,26,22.0,3.0,31.0,1.0,40,21,46,38,55,56
new_rain_1/images/Cone_203.jpg,30,53,31,43,30,30,29.0,20.0,34.0,19.0,40,28,45,39,49,48
new_rain_1/images/Cone_325.jpg,36,48,36,43,36,36,37.0,31.0,40.0,30.0,42,35,44,42,44,47
new_rain_1/images/Cone_95.jpg,36,45,37,40,39,32,41.0,26.0,44.0,26.0,45,33,46,40,46,45
new_rain_1/images/Cone_236.jpg,33,54,34,45,35,35,36.0,23.0,41.0,23.0,44,34,46,44,50,54
new_rain_1/images/Cone_15.jpg,32,52,34,42,34,30,36.0,21.0,42.0,21.0,44,30,47,41,50,52
new_rain_1/images/Cone_145.jpg,34,53,34,45,33,39,33.0,30.0,36.0,30.0,39,37,42,42,46,49
new_rain_1/images/Cone_54.jpg,33,51,32,41,32,31,32.0,20.0,36.0,20.0,40,30,44,39,48,46
new_rain_1/images/Cone_122.jpg,31,55,31,43,31,32,30.0,18.0,35.0,17.0,41,29,45,39,50,51
new_rain_1/images/Cone_390.jpg,26,61,29,42,34,24,37.0,6.0,49.0,6.0,51,25,54,44,56,62
new_rain_1/images/Cone_83.jpg,29,55,29,45,29,32,28.0,19.0,34.0,17.0,39,29,44,41,49,50
new_rain_1/images/Cone_238.jpg,35,47,36,41,38,32,40.0,25.0,44.0,25.0,45,33,45,42,48,48
new_rain_1/images/Cone_5.jpg,35,46,37,39,40,30,41.0,23.0,45.0,23.0,46,30,47,39,48,46
new_rain_1/images/Cone_282.jpg,31,62,31,54,32,44,31.0,34.0,36.0,33.0,40,42,43,50,47,59
new_rain_1/images/Cone_264.jpg,30,56,32,44,33,32,33.0,17.0,40.0,17.0,44,31,46,42,51,55
new_rain_1/images/Cone_347.jpg,36,45,38,40,42,32,45.0,26.0,48.0,27.0,48,34,47,42,48,49
new_rain_1/images/Cone_65.jpg,32,53,34,43,36,32,39.0,19.0,44.0,19.0,46,32,49,43,52,54
new_rain_1/images/Cone_159.jpg,22,68,22,46,20,26,19.0,3.0,,,38,21,46,39,57,57
new_rain_1/images/Cone_436.jpg,32,50,37,40,44,26,50.0,13.0,56.0,15.0,56,31,54,45,55,60
new_rain_1/images/Cone_382.jpg,34,50,33,43,33,34,33.0,26.0,37.0,25.0,40,32,43,40,47,47
new_rain_1/images/Cone_141.jpg,34,51,35,43,35,33,37.0,25.0,41.0,25.0,43,33,46,42,48,49
new_rain_1/images/Cone_130.jpg,20,61,30,40,37,19,,,,,58,23,58,44,60,69
new_rain_1/images/Cone_43.jpg,24,58,29,42,32,26,36.0,8.0,44.0,8.0,47,26,50,40,53,57
new_rain_1/images/Cone_81.jpg,28,56,30,43,34,28,36.0,14.0,45.0,13.0,46,28,49,44,51,57
new_rain_1/images/Cone_403.jpg,34,48,37,40,41,30,43.0,23.0,48.0,23.0,49,32,49,43,50,50
new_rain_1/images/Cone_352.jpg,34,47,36,42,40,32,41.0,24.0,46.0,24.0,46,32,48,42,49,50
new_rain_1/images/Cone_330.jpg,29,66,31,57,32,47,33.0,36.0,38.0,35.0,41,46,43,55,47,65
new_rain_1/images/Cone_299.jpg,35,46,37,40,40,30,43.0,23.0,48.0,24.0,48,32,49,41,49,50
new_rain_1/images/Cone_401.jpg,35,48,36,42,39,33,42.0,26.0,46.0,26.0,46,34,47,42,48,49
new_rain_1/images/Cone_420.jpg,32,49,36,41,39,33,43.0,24.0,47.0,25.0,47,35,47,43,48,51
new_rain_1/images/Cone_383.jpg,32,56,32,46,31,36,29.0,23.0,35.0,22.0,40,34,44,42,49,50
new_rain_1/images/Cone_186.jpg,33,52,34,43,34,34,33.0,23.0,38.0,22.0,41,32,45,41,48,49
new_rain_1/images/Cone_316.jpg,39,50,39,40,40,29,41.0,20.0,46.0,20.0,49,29,52,39,55,48
new_rain_1/images/Cone_286.jpg,30,59,31,46,32,32,32.0,18.0,39.0,17.0,42,30,47,42,53,55
new_rain_1/images/Cone_285.jpg,33,54,32,45,33,35,32.0,24.0,38.0,23.0,41,33,45,42,50,50
new_rain_1/images/Cone_331.jpg,32,50,36,40,40,27,44.0,18.0,50.0,19.0,50,30,50,43,51,54
new_rain_1/images/Cone_372.jpg,29,55,29,44,28,30,28.0,17.0,34.0,15.0,40,27,45,40,49,50
new_rain_1/images/Cone_12.jpg,32,47,37,40,40,32,44.0,22.0,49.0,24.0,48,34,47,43,47,52
new_rain_1/images/Cone_94.jpg,33,49,36,43,39,34,42.0,26.0,46.0,27.0,45,36,46,43,47,52
new_rain_1/images/Cone_217.jpg,22,69,22,47,22,24,21.0,1.0,,,41,21,49,41,58,60
new_rain_1/images/Cone_351.jpg,36,47,38,42,41,33,43.0,27.0,47.0,27.0,47,35,47,43,47,50
new_rain_1/images/Cone_101.jpg,32,46,38,38,42,29,47.0,20.0,50.0,21.0,50,32,49,42,50,52
new_rain_1/images/Cone_115.jpg,30,58,30,46,29,34,28.0,20.0,34.0,19.0,40,31,45,41,50,53
new_rain_1/images/Cone_243.jpg,34,48,37,40,41,31,44.0,23.0,49.0,23.0,48,34,48,43,48,52
new_rain_1/images/Cone_250.jpg,33,50,36,42,39,34,43.0,26.0,47.0,26.0,47,36,47,45,47,53
new_rain_1/images/Cone_57.jpg,29,59,28,44,26,29,25.0,13.0,32.0,11.0,39,25,45,38,51,50
new_rain_1/images/Cone_210.jpg,29,59,30,45,29,31,29.0,17.0,35.0,15.0,41,28,46,41,52,53
new_rain_1/images/Cone_277.jpg,32,51,34,42,37,33,39.0,22.0,45.0,22.0,46,34,46,43,48,53
new_rain_1/images/Cone_64.jpg,31,48,35,41,38,28,42.0,17.0,47.0,18.0,48,30,49,42,49,52
new_rain_1/images/Cone_33.jpg,36,47,38,40,42,33,44.0,28.0,47.0,28.0,48,34,47,42,46,50
new_rain_1/images/Cone_385.jpg,28,62,28,46,28,32,28.0,16.0,35.0,14.0,41,29,45,41,52,56
new_rain_1/images/Cone_322.jpg,31,56,32,45,32,34,32.0,22.0,38.0,21.0,43,33,46,42,49,53
new_rain_1/images/Cone_38.jpg,32,53,34,43,36,34,38.0,22.0,44.0,22.0,46,34,48,43,50,53
new_rain_1/images/Cone_211.jpg,34,46,38,38,42,30,46.0,21.0,50.0,22.0,50,32,49,42,51,53
new_rain_1/images/Cone_196.jpg,24,64,25,46,25,28,25.0,8.0,34.0,6.0,41,25,46,41,55,57
new_rain_1/images/Cone_6.jpg,34,49,37,44,39,39,41.0,34.0,44.0,34.0,45,40,44,46,44,51
new_rain_1/images/Cone_68.jpg,36,47,37,41,38,33,38.0,26.0,43.0,25.0,44,34,45,40,46,47
new_rain_1/images/Cone_297.jpg,24,66,25,46,24,28,24.0,8.0,32.0,6.0,40,26,47,42,55,58
new_rain_1/images/Cone_302.jpg,24,63,24,47,23,26,24.0,63.0,33.0,3.0,40,21,48,40,55,57
new_rain_1/images/Cone_248.jpg,30,56,33,42,36,25,38.0,11.0,47.0,11.0,50,27,53,43,55,55
new_rain_1/images/Cone_113.jpg,25,64,24,45,24,27,24.0,7.0,33.0,5.0,40,24,47,40,53,56
new_rain_1/images/Cone_1.jpg,36,47,36,40,37,31,39.0,25.0,43.0,25.0,45,31,47,40,48,46
new_rain_1/images/Cone_160.jpg,32,56,32,44,33,32,34.0,20.0,41.0,19.0,44,31,47,42,51,53
new_rain_1/images/Cone_182.jpg,32,52,35,42,37,32,40.0,20.0,46.0,20.0,47,33,49,43,50,54
new_rain_1/images/Cone_37.jpg,31,44,36,38,42,29,46.0,22.0,51.0,23.0,50,32,49,42,49,51
new_rain_1/images/Cone_333.jpg,28,59,28,45,27,30,26.0,12.0,34.0,11.0,40,27,45,39,52,54
new_rain_1/images/Cone_8.jpg,32,50,35,41,38,29,41.0,19.0,46.0,19.0,48,30,48,42,49,52
new_rain_1/images/Cone_198.jpg,30,53,31,41,34,28,35.0,14.0,44.0,14.0,46,28,48,41,51,53
new_rain_1/images/Cone_150.jpg,34,53,36,44,38,33,39.0,22.0,45.0,22.0,47,34,48,43,50,53
new_rain_1/images/Cone_179.jpg,32,53,34,42,37,32,40.0,22.0,44.0,22.0,45,32,47,42,49,53
new_rain_1/images/Cone_278.jpg,34,49,36,41,39,33,42.0,23.0,47.0,24.0,47,34,47,43,48,51
new_rain_1/images/Cone_392.jpg,33,54,32,44,31,34,30.0,23.0,36.0,21.0,40,32,44,41,49,51
new_rain_1/images/Cone_46.jpg,34,45,38,39,41,30,45.0,22.0,49.0,23.0,49,32,49,42,48,50
new_rain_1/images/Cone_93.jpg,31,54,33,44,34,33,35.0,21.0,40.0,21.0,43,33,46,42,49,53
new_rain_1/images/Cone_353.jpg,32,52,35,42,38,33,41.0,21.0,46.0,22.0,47,34,47,43,49,54
new_rain_1/images/Cone_149.jpg,35,50,36,42,36,34,37.0,25.0,42.0,25.0,44,34,45,41,48,49
new_rain_1/images/Cone_50.jpg,25,57,34,40,41,22,48.0,5.0,56.0,6.0,57,26,57,46,57,64
new_rain_1/images/Cone_55.jpg,37,46,38,41,42,34,43.0,27.0,47.0,28.0,46,34,47,42,47,47
new_rain_1/images/Cone_247.jpg,24,57,33,39,41,20,48.0,1.0,58.0,3.0,58,24,57,46,58,66
new_rain_1/images/Cone_87.jpg,30,55,32,44,33,34,34.0,21.0,40.0,20.0,44,33,46,43,49,53
new_rain_1/images/Cone_324.jpg,37,48,37,44,37,38,38.0,34.0,40.0,34.0,42,38,43,43,43,47
new_rain_1/images/Cone_41.jpg,30,47,38,37,45,26,50.0,15.0,58.0,17.0,56,31,53,44,52,56
new_rain_1/images/Cone_62.jpg,35,47,38,41,41,32,43.0,23.0,47.0,24.0,48,33,48,44,48,51
new_rain_1/images/Cone_279.jpg,34,49,34,41,35,31,36.0,23.0,40.0,22.0,43,30,45,40,48,48
new_rain_1/images/Cone_405.jpg,36,43,39,36,42,28,45.0,22.0,48.0,22.0,48,31,48,38,48,47
new_rain_1/images/Cone_246.jpg,28,53,37,37,46,22,55.0,3.0,65.0,6.0,61,28,58,46,56,66
new_rain_1/images/Cone_17.jpg,33,49,36,42,39,35,42.0,27.0,46.0,28.0,46,37,46,45,46,53
new_rain_1/images/Cone_53.jpg,29,55,34,42,37,30,42.0,16.0,49.0,16.0,49,33,50,46,51,58
new_rain_1/images/Cone_126.jpg,34,52,35,43,35,35,35.0,26.0,39.0,25.0,42,34,45,42,48,50
new_rain_1/images/Cone_431.jpg,35,48,38,41,42,31,45.0,23.0,50.0,24.0,50,33,50,44,50,53
new_rain_1/images/Cone_296.jpg,30,55,30,43,30,30,29.0,17.0,36.0,15.0,40,27,46,38,51,48
new_rain_1/images/Cone_235.jpg,29,60,29,45,29,32,29.0,16.0,36.0,14.0,41,30,45,43,51,55
new_rain_1/images/Cone_119.jpg,32,51,32,43,32,32,33.0,23.0,38.0,22.0,42,31,45,41,47,48
new_rain_1/images/Cone_384.jpg,21,70,21,45,21,23,21.0,1.0,,,41,19,49,39,58,61
new_rain_1/images/Cone_312.jpg,33,52,34,44,34,35,34.0,26.0,39.0,25.0,41,34,44,42,47,50
new_rain_1/images/Cone_313.jpg,28,60,28,45,27,30,26.0,13.0,34.0,12.0,39,27,45,41,52,55
new_rain_1/images/Cone_365.jpg,32,52,32,43,33,31,35.0,20.0,39.0,20.0,43,30,46,41,48,49
new_rain_1/images/Cone_309.jpg,26,57,27,44,26,28,26.0,13.0,35.0,13.0,38,26,45,40,50,52
new_rain_1/images/Cone_244.jpg,20,71,20,48,18,22,17.0,1.0,,,38,18,48,39,57,56
new_rain_1/images/Cone_414.jpg,31,49,36,40,40,30,44.0,18.0,50.0,19.0,50,32,49,42,51,55
new_rain_1/images/Cone_280.jpg,34,47,37,42,41,32,45.0,25.0,49.0,26.0,48,34,47,44,47,52
new_rain_1/images/Cone_239.jpg,29,57,28,44,27,29,27.0,16.0,34.0,14.0,39,27,45,39,51,50
new_rain_1/images/Cone_164.jpg,32,47,33,40,34,34,34.0,27.0,37.0,26.0,40,33,42,39,44,46
new_rain_1/images/Cone_377.jpg,25,64,25,45,24,25,23.0,5.0,33.0,2.0,40,20,48,39,56,57
new_rain_1/images/Cone_171.jpg,39,47,39,41,39,34,40.0,30.0,43.0,29.0,45,34,46,41,46,46
new_rain_1/images/Cone_367.jpg,33,53,32,43,31,32,30.0,20.0,35.0,19.0,40,29,44,39,49,47
new_rain_1/images/Cone_241.jpg,34,53,34,44,34,35,33.0,25.0,38.0,25.0,42,34,45,42,47,50
new_rain_1/images/Cone_256.jpg,34,47,36,40,38,31,41.0,25.0,45.0,26.0,46,32,47,42,48,49
new_rain_1/images/Cone_253.jpg,23,58,30,40,37,20,,,,,55,24,56,45,57,65
new_rain_1/images/Cone_304.jpg,25,65,25,46,24,28,23.0,7.0,32.0,6.0,39,24,47,40,53,56
new_rain_1/images/Cone_82.jpg,22,9,23,46,22,29,22.0,9.0,30.0,8.0,38,25,42,40,49,54
new_rain_1/images/Cone_200.jpg,30,56,32,44,34,33,35.0,20.0,41.0,20.0,44,32,47,43,50,55
new_rain_1/images/Cone_308.jpg,26,59,30,43,34,25,38.0,9.0,48.0,9.0,49,27,52,45,55,61
new_rain_1/images/Cone_318.jpg,35,50,35,42,36,35,35.0,27.0,39.0,26.0,42,34,44,40,47,48
new_rain_1/images/Cone_361.jpg,33,54,33,44,32,34,31.0,22.0,36.0,20.0,41,32,45,40,49,49
new_rain_1/images/Cone_132.jpg,36,50,36,43,36,36,36.0,30.0,38.0,29.0,42,36,44,41,47,48
new_rain_1/images/Cone_19.jpg,36,46,37,40,38,33,39.0,27.0,43.0,27.0,44,33,44,41,45,46
new_rain_1/images/Cone_205.jpg,28,62,29,46,28,31,28.0,15.0,35.0,13.0,41,29,47,41,53,55
new_rain_1/images/Cone_290.jpg,30,54,29,44,28,31,28.0,18.0,34.0,17.0,39,28,45,39,49,47
new_rain_1/images/Cone_284.jpg,32,51,33,43,34,32,35.0,23.0,40.0,22.0,42,31,45,41,48,50
new_rain_1/images/Cone_212.jpg,36,49,38,41,40,33,42.0,25.0,46.0,26.0,47,34,48,43,49,50
new_rain_1/images/Cone_311.jpg,27,59,31,43,35,26,39.0,8.0,49.0,9.0,51,26,53,45,53,61
new_rain_1/images/Cone_148.jpg,35,47,36,40,37,32,39.0,25.0,43.0,25.0,44,32,45,40,47,47
new_rain_1/images/Cone_255.jpg,29,51,35,40,40,29,45.0,17.0,52.0,19.0,51,34,49,46,49,60
new_rain_1/images/Cone_180.jpg,35,46,37,39,39,31,41.0,23.0,45.0,23.0,46,32,46,41,47,47
new_rain_1/images/Cone_184.jpg,32,53,34,43,35,32,37.0,23.0,42.0,22.0,44,32,46,42,48,51
new_rain_1/images/Cone_78.jpg,22,60,23,44,23,25,22.0,4.0,32.0,2.0,40,21,46,38,54,53
new_rain_1/images/Cone_27.jpg,33,51,34,42,36,34,37.0,25.0,41.0,25.0,44,33,45,42,47,52
new_rain_1/images/Cone_9.jpg,36,43,38,36,40,30,41.0,23.0,44.0,23.0,45,30,46,36,47,43
new_rain_1/images/Cone_397.jpg,22,67,23,44,22,24,22.0,1.0,,,41,22,48,39,56,58
new_rain_1/images/Cone_137.jpg,25,56,27,42,30,25,32.0,12.0,42.0,11.0,44,26,47,42,50,56
new_rain_1/images/Cone_193.jpg,22,67,22,45,22,25,20.0,4.0,31.0,1.0,39,22,46,40,55,58
new_rain_1/images/Cone_76.jpg,27,56,32,41,49,10,41.0,9.0,49.0,10.0,51,28,52,43,55,60
new_rain_1/images/Cone_427.jpg,32,47,36,40,41,30,44.0,20.0,49.0,21.0,49,32,49,42,50,52
new_rain_1/images/Cone_281.jpg,33,49,37,40,42,28,47.0,18.0,53.0,19.0,52,32,51,44,51,55
new_rain_1/images/Cone_375.jpg,29,56,29,45,29,31,27.0,18.0,35.0,16.0,39,28,45,40,51,50
new_rain_1/images/Cone_176.jpg,36,48,38,42,41,34,44.0,27.0,48.0,28.0,47,36,47,45,47,51
new_rain_1/images/Cone_177.jpg,31,52,35,41,38,30,42.0,18.0,48.0,19.0,48,32,49,43,50,55
new_rain_1/images/Cone_300.jpg,32,48,36,41,42,29,47.0,21.0,52.0,22.0,52,32,49,44,49,54
new_rain_1/images/Cone_424.jpg,32,55,33,45,34,32,36.0,21.0,41.0,21.0,44,31,47,43,51,54
new_rain_1/images/Cone_391.jpg,29,70,30,56,30,44,29.0,30.0,36.0,28.0,40,42,45,52,51,65
new_rain_1/images/Cone_366.jpg,27,62,27,47,27,32,27.0,16.0,33.0,13.0,39,29,45,43,50,57
new_rain_1/images/Cone_59.jpg,28,57,29,44,30,31,32.0,16.0,39.0,16.0,42,30,46,42,50,55
new_rain_1/images/Cone_36.jpg,24,57,32,41,39,24,46.0,4.0,55.0,6.0,55,28,55,45,57,65
new_rain_1/images/Cone_40.jpg,30,47,34,39,39,28,42.0,19.0,47.0,20.0,47,30,47,41,49,51
new_rain_1/images/Cone_204.jpg,36,48,36,44,36,38,36.0,33.0,39.0,32.0,41,38,42,43,45,47
new_rain_1/images/Cone_346.jpg,29,55,32,43,36,32,39.0,19.0,45.0,19.0,47,32,48,43,50,57
new_rain_1/images/Cone_187.jpg,28,65,28,52,29,41,29.0,28.0,35.0,27.0,39,39,43,49,48,60
new_rain_1/images/Cone_73.jpg,31,58,32,46,33,33,34.0,20.0,40.0,18.0,44,31,48,43,53,54
new_rain_1/images/Cone_349.jpg,31,54,35,42,39,30,42.0,18.0,48.0,19.0,49,32,49,44,50,56
new_rain_1/images/Cone_418.jpg,36,46,38,41,42,34,43.0,30.0,46.0,31.0,46,36,46,43,45,48
new_rain_1/images/Cone_172.jpg,30,55,32,43,33,31,35.0,18.0,42.0,17.0,45,31,47,43,49,55
new_rain_1/images/Cone_131.jpg,34,55,34,46,34,38,33.0,29.0,37.0,28.0,41,36,43,43,47,52
new_rain_1/images/Cone_67.jpg,34,50,34,42,36,32,36.0,23.0,42.0,23.0,44,32,46,41,48,50
new_rain_1/images/Cone_178.jpg,34,49,36,41,38,33,41.0,25.0,46.0,25.0,46,35,47,42,47,51
new_rain_1/images/Cone_271.jpg,30,53,33,42,38,28,41.0,16.0,47.0,16.0,48,30,49,43,49,55
new_rain_1/images/Cone_387.jpg,32,55,32,43,31,33,29.0,20.0,35.0,19.0,40,31,45,40,49,49
new_rain_1/images/Cone_92.jpg,27,61,28,46,28,33,28.0,17.0,34.0,16.0,40,31,45,43,51,56
new_rain_1/images/Cone_97.jpg,32,52,31,44,31,32,31.0,21.0,35.0,19.0,40,30,46,39,50,48
new_rain_1/images/Cone_340.jpg,33,50,33,42,33,32,33.0,24.0,38.0,23.0,41,31,45,40,46,48
new_rain_1/images/Cone_266.jpg,25,64,26,44,26,26,24.0,5.0,35.0,2.0,41,23,48,39,56,58
new_rain_1/images/Cone_209.jpg,34,53,35,43,35,34,36.0,25.0,41.0,24.0,43,34,45,42,48,50
new_rain_1/images/Cone_406.jpg,35,51,37,46,40,41,42.0,37.0,44.0,37.0,44,42,44,47,43,53
new_rain_1/images/Cone_30.jpg,34,51,35,44,38,36,40.0,27.0,44.0,27.0,45,37,46,44,47,52
new_rain_1/images/Cone_108.jpg,31,58,30,45,30,32,29.0,18.0,35.0,17.0,40,29,45,40,50,52
new_rain_1/images/Cone_402.jpg,33,49,38,40,42,32,45.0,22.0,50.0,22.0,49,34,49,43,50,53
new_rain_1/images/Cone_109.jpg,31,57,31,46,31,34,30.0,20.0,35.0,19.0,41,31,45,41,51,52
new_rain_1/images/Cone_251.jpg,34,46,37,40,40,34,43.0,27.0,46.0,28.0,46,36,46,43,46,51
new_rain_1/images/Cone_110.jpg,33,55,32,45,31,35,30.0,23.0,35.0,22.0,40,32,44,40,49,49
new_rain_1/images/Cone_174.jpg,32,51,34,42,36,31,37.0,19.0,43.0,19.0,45,31,47,41,49,52
new_rain_1/images/Cone_291.jpg,23,64,24,46,24,30,23.0,10.0,32.0,8.0,38,27,44,42,52,57
new_rain_1/images/Cone_417.jpg,32,79,31,74,31,27,30.0,15.0,37.0,14.0,42,26,56,68,57,71
new_rain_1/images/Cone_259.jpg,33,50,36,41,39,33,42.0,23.0,47.0,23.0,48,34,48,42,49,52
new_rain_1/images/Cone_219.jpg,30,59,29,45,29,32,28.0,17.0,35.0,16.0,40,30,45,41,50,54
new_rain_1/images/Cone_434.jpg,30,53,34,42,37,32,40.0,20.0,47.0,20.0,47,33,47,44,48,56
new_rain_1/images/Cone_105.jpg,32,54,33,44,34,36,34.0,25.0,39.0,24.0,43,34,45,43,48,51
new_rain_1/images/Cone_58.jpg,36,47,36,42,38,34,40.0,27.0,44.0,27.0,44,34,46,42,47,47
new_rain_1/images/Cone_378.jpg,33,55,33,45,32,35,30.0,25.0,36.0,23.0,40,33,44,42,49,50
new_rain_1/images/Cone_208.jpg,33,53,36,46,38,39,40.0,31.0,45.0,32.0,45,40,45,48,46,55
new_rain_1/images/Cone_275.jpg,31,52,34,42,38,29,41.0,18.0,47.0,19.0,48,30,49,43,49,54
new_rain_1/images/Cone_185.jpg,31,58,31,46,32,34,32.0,21.0,38.0,20.0,41,32,46,43,51,54
new_rain_1/images/Cone_221.jpg,32,55,32,44,31,33,30.0,21.0,35.0,20.0,39,31,43,40,49,49
new_rain_1/images/Cone_60.jpg,36,47,36,42,37,36,39.0,32.0,41.0,31.0,42,36,43,42,44,47
new_rain_1/images/Cone_136.jpg,34,53,36,43,37,34,38.0,23.0,44.0,23.0,45,34,48,42,50,53
new_rain_1/images/Cone_183.jpg,31,56,30,44,30,30,31.0,17.0,37.0,16.0,42,27,47,41,51,51
new_rain_1/images/Cone_194.jpg,28,58,31,44,34,28,36.0,11.0,44.0,11.0,47,29,49,44,52,58
new_rain_1/images/Cone_245.jpg,38,46,39,41,40,34,42.0,28.0,46.0,28.0,46,34,47,42,47,48
new_rain_1/images/Cone_127.jpg,27,59,27,44,27,29,26.0,12.0,34.0,10.0,39,26,46,39,52,54
new_rain_1/images/Cone_66.jpg,32,48,35,41,37,34,39.0,25.0,44.0,25.0,45,35,45,41,46,50
new_rain_1/images/Cone_370.jpg,26,64,26,45,26,28,25.0,7.0,34.0,5.0,42,25,47,41,54,57
new_rain_1/images/Cone_16.jpg,32,51,35,42,38,30,41.0,21.0,47.0,22.0,49,31,49,43,50,53
new_rain_1/images/Cone_173.jpg,30,54,35,40,39,28,42.0,14.0,50.0,14.0,51,29,52,43,53,57
new_rain_1/images/Cone_25.jpg,32,52,34,42,35,30,37.0,20.0,42.0,20.0,45,31,47,42,49,52
new_rain_1/images/Cone_388.jpg,28,60,27,45,26,30,25.0,16.0,32.0,14.0,39,27,45,41,51,55
new_rain_1/images/Cone_334.jpg,18,68,19,45,18,22,,,,,40,18,48,38,57,58
new_rain_1/images/Cone_61.jpg,32,51,32,47,32,41,33.0,37.0,35.0,36.0,37,40,38,45,39,49
new_rain_1/images/Cone_158.jpg,30,70,32,56,35,43,37.0,28.0,44.0,29.0,47,43,50,56,52,71
new_rain_1/images/Cone_202.jpg,36,46,36,41,36,34,36.0,29.0,39.0,29.0,41,34,43,39,46,44
new_rain_1/images/Cone_23.jpg,26,50,35,35,44,22,52.0,6.0,60.0,9.0,56,28,53,44,52,61
new_rain_1/images/Cone_228.jpg,35,51,34,41,32,30,32.0,20.0,36.0,18.0,41,28,45,37,50,46
new_rain_1/images/Cone_240.jpg,35,56,37,49,38,42,41.0,35.0,44.0,35.0,45,43,46,50,47,58
new_rain_1/images/Cone_72.jpg,36,49,36,43,36,34,37.0,28.0,41.0,27.0,43,34,45,41,47,48
new_rain_1/images/Cone_381.jpg,24,64,24,44,24,27,24.0,6.0,33.0,5.0,40,23,46,40,54,57
new_rain_1/images/Cone_147.jpg,33,53,33,43,33,31,33.0,22.0,38.0,21.0,42,30,45,40,50,50
new_rain_1/images/Cone_140.jpg,35,44,36,37,37,27,39.0,19.0,44.0,19.0,45,28,46,38,47,46
new_rain_1/images/Cone_329.jpg,27,60,28,45,29,28,29.0,12.0,37.0,11.0,42,27,48,41,54,57
new_rain_1/images/Cone_114.jpg,33,53,34,44,34,33,35.0,24.0,40.0,24.0,43,33,46,41,48,50
new_rain_1/images/Cone_161.jpg,28,57,32,40,38,23,43.0,3.0,54.0,6.0,54,25,55,44,56,62
new_rain_1/images/Cone_261.jpg,33,46,36,40,41,30,44.0,22.0,49.0,23.0,49,32,47,43,48,51
new_rain_1/images/Cone_56.jpg,35,47,37,41,40,32,43.0,24.0,47.0,24.0,47,33,48,43,48,49
new_rain_1/images/Cone_191.jpg,28,57,32,42,35,28,39.0,12.0,46.0,13.0,48,29,50,42,53,59
new_rain_1/images/Cone_190.jpg,25,64,26,45,26,27,27.0,7.0,36.0,6.0,41,24,48,41,55,58
new_rain_1/images/Cone_91.jpg,20,68,21,47,20,24,19.0,1.0,,,39,21,46,41,56,60
new_rain_1/images/Cone_135.jpg,35,53,35,44,35,36,36.0,27.0,40.0,27.0,43,36,45,43,47,50
new_rain_1/images/Cone_404.jpg,25,62,24,45,22,27,22.0,9.0,30.0,7.0,37,23,45,38,53,53
new_rain_1/images/Cone_410.jpg,32,47,36,39,40,31,45.0,22.0,49.0,23.0,48,34,47,42,48,52
new_rain_1/images/Cone_134.jpg,29,57,35,41,41,23,46.0,8.0,56.0,9.0,57,27,57,45,58,63
new_rain_2/images/Cone_355.jpg,32,53,32,43,31,32,30.0,21.0,35.0,19.0,39,30,44,39,48,48
new_rain_2/images/Cone_194.jpg,32,55,32,45,31,34,30.0,21.0,36.0,19.0,40,31,44,40,49,51
new_rain_2/images/Cone_327.jpg,32,51,36,40,41,30,44.0,20.0,49.0,21.0,49,32,49,44,49,54
new_rain_2/images/Cone_82.jpg,27,54,35,39,41,24,49.0,8.0,57.0,9.0,56,29,55,45,54,62
new_rain_2/images/Cone_341.jpg,24,64,26,44,28,24,29.0,4.0,39.0,3.0,44,22,49,42,54,60
new_rain_2/images/Cone_379.jpg,26,60,26,44,24,27,23.0,9.0,32.0,7.0,38,24,45,40,52,55
new_rain_2/images/Cone_158.jpg,28,56,32,42,36,28,39.0,12.0,47.0,12.0,49,29,50,44,53,59
new_rain_2/images/Cone_202.jpg,33,51,33,41,33,30,30.0,20.0,35.0,19.0,39,29,45,37,49,46
new_rain_2/images/Cone_272.jpg,32,54,31,44,30,32,29.0,21.0,33.0,19.0,38,29,44,39,48,49
new_rain_2/images/Cone_80.jpg,34,48,37,39,41,32,44.0,24.0,49.0,24.0,48,34,48,43,48,50
new_rain_2/images/Cone_146.jpg,28,58,30,42,31,26,32.0,8.0,41.0,7.0,44,25,50,40,55,55
new_rain_2/images/Cone_281.jpg,31,52,32,44,33,34,34.0,24.0,38.0,23.0,41,33,44,43,47,51
new_rain_2/images/Cone_396.jpg,34,46,37,40,39,34,41.0,30.0,44.0,30.0,44,34,45,41,45,47
new_rain_2/images/Cone_133.jpg,32,52,34,42,37,31,39.0,20.0,44.0,20.0,46,31,49,42,50,52
new_rain_2/images/Cone_311.jpg,33,49,35,42,37,35,40.0,27.0,43.0,28.0,44,36,45,44,46,50
new_rain_2/images/Cone_282.jpg,32,53,32,44,31,32,30.0,22.0,34.0,21.0,39,30,45,39,50,48
new_rain_2/images/Cone_188.jpg,32,54,33,44,34,35,34.0,24.0,40.0,24.0,43,34,45,42,49,51
new_rain_2/images/Cone_124.jpg,22,58,32,38,41,20,50.0,1.0,61.0,3.0,59,26,59,45,58,69
new_rain_2/images/Cone_268.jpg,30,58,29,45,29,31,29.0,16.0,36.0,15.0,40,30,46,42,51,54
new_rain_2/images/Cone_90.jpg,35,46,37,41,39,34,40.0,28.0,43.0,28.0,44,35,45,41,46,47
new_rain_2/images/Cone_217.jpg,27,53,29,41,32,28,34.0,16.0,41.0,16.0,43,29,45,42,48,54
new_rain_2/images/Cone_332.jpg,31,52,32,41,32,30,31.0,20.0,36.0,19.0,40,28,44,37,47,47
new_rain_2/images/Cone_247.jpg,30,54,32,43,34,29,35.0,17.0,43.0,18.0,45,30,48,43,50,55
new_rain_2/images/Cone_16.jpg,31,59,33,54,41,25,46.0,12.0,52.0,13.0,52,27,51,57,51,65
new_rain_2/images/Cone_121.jpg,33,48,36,41,40,31,42.0,24.0,47.0,24.0,47,33,47,44,47,50
new_rain_2/images/Cone_81.jpg,31,50,36,40,41,30,47.0,17.0,53.0,19.0,51,34,50,46,50,56
new_rain_2/images/Cone_58.jpg,34,50,37,41,41,33,44.0,22.0,50.0,23.0,49,34,50,44,50,54
new_rain_2/images/Cone_320.jpg,29,50,36,38,44,25,49.0,12.0,56.0,15.0,54,30,52,46,51,58
new_rain_2/images/Cone_132.jpg,28,54,34,39,40,26,45.0,12.0,52.0,13.0,52,28,53,44,52,58
new_rain_2/images/Cone_31.jpg,32,51,35,42,38,32,41.0,21.0,47.0,22.0,48,33,48,45,48,54
new_rain_2/images/Cone_101.jpg,31,47,35,40,40,31,44.0,22.0,49.0,23.0,48,34,47,44,46,53
new_rain_2/images/Cone_7.jpg,29,56,30,43,31,32,31.0,19.0,37.0,18.0,41,31,45,42,48,53
new_rain_2/images/Cone_294.jpg,28,56,29,43,31,29,32.0,13.0,40.0,13.0,43,27,46,41,50,54
new_rain_2/images/Cone_160.jpg,33,49,32,42,32,33,32.0,25.0,37.0,24.0,40,31,43,40,45,46
new_rain_2/images/Cone_55.jpg,29,53,36,40,42,26,48.0,12.0,55.0,14.0,54,29,54,45,54,60
new_rain_2/images/Cone_114.jpg,33,53,36,44,39,39,41.0,32.0,45.0,33.0,44,40,45,47,45,55
new_rain_2/images/Cone_62.jpg,34,51,35,42,35,33,35.0,24.0,40.0,24.0,42,32,44,41,47,48
new_rain_2/images/Cone_40.jpg,34,45,37,38,41,31,44.0,23.0,47.0,25.0,47,32,48,42,48,49
new_rain_2/images/Cone_362.jpg,31,55,32,44,34,31,35.0,18.0,42.0,18.0,44,31,47,43,50,54
new_rain_2/images/Cone_315.jpg,24,63,26,44,28,25,27.0,4.0,40.0,3.0,44,23,49,41,55,57
new_rain_2/images/Cone_375.jpg,31,56,31,46,30,35,29.0,22.0,34.0,21.0,39,32,44,43,48,52
new_rain_2/images/Cone_349.jpg,32,53,31,44,30,32,28.0,21.0,33.0,20.0,38,29,44,39,49,48
new_rain_2/images/Cone_372.jpg,28,58,31,43,34,29,36.0,11.0,45.0,11.0,47,29,50,44,53,59
new_rain_2/images/Cone_388.jpg,23,62,23,55,24,47,25.0,40.0,29.0,40.0,32,46,33,55,35,62
new_rain_2/images/Cone_302.jpg,30,54,32,42,34,29,36.0,15.0,42.0,15.0,44,28,48,41,50,54
new_rain_2/images/Cone_303.jpg,35,46,37,41,40,34,41.0,28.0,45.0,29.0,45,36,44,42,44,49
new_rain_2/images/Cone_254.jpg,36,45,37,40,38,34,39.0,28.0,43.0,28.0,44,34,44,41,46,46
new_rain_2/images/Cone_181.jpg,35,46,36,40,38,33,39.0,26.0,43.0,27.0,44,34,44,41,45,46
new_rain_2/images/Cone_10.jpg,28,56,33,40,39,22,44.0,3.0,54.0,4.0,56,25,56,43,57,62
new_rain_2/images/Cone_163.jpg,27,62,27,47,26,32,25.0,15.0,32.0,14.0,39,29,45,42,51,57
new_rain_2/images/Cone_283.jpg,24,63,25,44,25,25,22.0,3.0,33.0,2.0,39,22,46,39,54,56
new_rain_2/images/Cone_182.jpg,34,54,35,48,37,42,39.0,34.0,42.0,34.0,43,42,44,49,44,56
new_rain_2/images/Cone_399.jpg,35,48,36,41,37,35,38.0,29.0,41.0,29.0,42,35,43,41,45,48
new_rain_2/images/Cone_397.jpg,33,55,33,44,33,34,31.0,22.0,37.0,21.0,42,32,45,42,50,50
new_rain_2/images/Cone_29.jpg,34,47,37,40,41,32,43.0,24.0,47.0,25.0,47,33,47,43,47,50
new_rain_2/images/Cone_286.jpg,36,47,37,42,38,34,39.0,29.0,43.0,29.0,43,34,44,42,45,48
new_rain_2/images/Cone_5.jpg,22,59,31,38,40,19,47.0,1.0,59.0,3.0,58,24,58,47,57,69
new_rain_2/images/Cone_96.jpg,24,56,33,38,41,21,50.0,1.0,61.0,4.0,58,26,56,47,54,67
new_rain_2/images/Cone_205.jpg,22,65,23,46,23,27,22.0,6.0,33.0,3.0,39,23,46,39,53,58
new_rain_2/images/Cone_316.jpg,32,51,36,41,40,32,43.0,20.0,49.0,22.0,49,33,49,44,50,55
new_rain_2/images/Cone_3.jpg,35,53,36,46,37,39,39.0,32.0,42.0,31.0,44,39,45,47,45,54
new_rain_2/images/Cone_318.jpg,32,58,32,46,33,31,33.0,17.0,38.0,16.0,43,29,47,43,52,53
new_rain_2/images/Cone_76.jpg,31,50,37,40,42,30,47.0,19.0,53.0,21.0,51,34,50,45,48,55
new_rain_2/images/Cone_278.jpg,31,54,32,44,34,34,34.0,23.0,40.0,22.0,42,33,45,44,48,53
new_rain_2/images/Cone_206.jpg,29,57,31,44,35,31,36.0,15.0,43.0,15.0,46,30,49,43,52,57
new_rain_2/images/Cone_172.jpg,34,54,34,45,34,36,35.0,26.0,39.0,26.0,42,35,44,44,47,52
new_rain_2/images/Cone_239.jpg,31,56,31,45,33,32,33.0,18.0,40.0,18.0,44,32,47,42,50,54
new_rain_2/images/Cone_360.jpg,30,56,30,44,30,32,28.0,20.0,35.0,18.0,39,29,45,40,50,49
new_rain_2/images/Cone_198.jpg,29,55,29,44,29,33,28.0,20.0,34.0,18.0,37,29,43,41,48,50
new_rain_2/images/Cone_292.jpg,34,49,36,41,40,32,43.0,23.0,47.0,24.0,48,34,48,44,47,52
new_rain_2/images/Cone_300.jpg,34,47,37,42,39,35,41.0,28.0,46.0,29.0,45,36,45,44,44,50
new_rain_2/images/Cone_147.jpg,31,55,35,43,38,31,42.0,17.0,49.0,18.0,49,32,50,45,51,58
new_rain_2/images/Cone_119.jpg,26,59,30,44,31,30,33.0,11.0,41.0,11.0,45,29,49,43,53,57
new_rain_2/images/Cone_245.jpg,32,48,33,41,33,34,35.0,26.0,39.0,26.0,40,33,42,41,44,48
new_rain_2/images/Cone_353.jpg,36,49,36,41,36,34,35.0,27.0,38.0,26.0,41,33,45,39,47,45
new_rain_2/images/Cone_270.jpg,32,56,33,46,33,34,31.0,22.0,36.0,21.0,39,33,45,42,49,52
new_rain_2/images/Cone_154.jpg,32,57,32,46,34,35,33.0,20.0,39.0,20.0,43,32,47,44,51,53
new_rain_2/images/Cone_110.jpg,37,48,38,43,41,36,43.0,29.0,47.0,29.0,48,37,48,44,48,51
new_rain_2/images/Cone_123.jpg,31,45,38,37,44,27,49.0,18.0,54.0,19.0,53,31,52,43,51,55
new_rain_2/images/Cone_220.jpg,37,46,37,41,38,36,39.0,32.0,42.0,32.0,43,36,43,41,44,47
new_rain_2/images/Cone_27.jpg,30,50,36,40,40,30,46.0,17.0,52.0,18.0,51,32,51,45,50,56
new_rain_2/images/Cone_263.jpg,35,48,35,42,35,35,35.0,28.0,39.0,27.0,41,34,43,41,45,47
new_rain_2/images/Cone_26.jpg,33,50,36,40,39,30,42.0,20.0,47.0,21.0,48,31,49,43,50,53
new_rain_2/images/Cone_365.jpg,33,46,37,38,42,27,46.0,18.0,52.0,20.0,51,31,50,43,49,53
new_rain_2/images/Cone_338.jpg,28,58,30,42,32,27,33.0,11.0,42.0,11.0,45,27,49,41,52,56
new_rain_2/images/Cone_0.jpg,35,51,35,44,35,36,34.0,28.0,38.0,27.0,41,35,44,42,47,48
new_rain_2/images/Cone_193.jpg,34,47,34,40,33,33,33.0,28.0,36.0,27.0,38,31,43,38,45,44
new_rain_2/images/Cone_301.jpg,31,54,34,41,39,29,42.0,16.0,48.0,17.0,49,30,50,45,51,56
new_rain_2/images/Cone_125.jpg,30,57,33,44,36,31,39.0,16.0,46.0,16.0,48,31,50,44,52,56
new_rain_2/images/Cone_32.jpg,33,51,35,44,37,34,39.0,25.0,43.0,25.0,44,35,46,45,47,52
new_rain_2/images/Cone_140.jpg,34,48,46,44,39,33,42.0,25.0,46.0,26.0,47,35,46,44,47,50
new_rain_2/images/Cone_35.jpg,26,58,32,41,38,24,43.0,5.0,52.0,7.0,53,27,54,44,56,62
new_rain_2/images/Cone_393.jpg,28,46,29,37,30,28,31.0,20.0,36.0,19.0,38,28,41,38,43,46
new_rain_2/images/Cone_381.jpg,32,56,32,45,32,33,30.0,20.0,35.0,19.0,41,31,45,42,50,52
new_rain_2/images/Cone_25.jpg,28,55,32,41,37,26,41.0,9.0,49.0,10.0,50,28,51,45,52,59
new_rain_2/images/Cone_61.jpg,30,52,36,40,41,29,47.0,16.0,54.0,18.0,52,33,50,45,50,59
new_rain_2/images/Cone_225.jpg,34,52,34,42,34,32,34.0,22.0,38.0,21.0,41,30,45,39,48,49
new_rain_2/images/Cone_85.jpg,32,50,38,39,42,28,47.0,19.0,51.0,21.0,51,32,50,44,49,55
new_rain_2/images/Cone_36.jpg,31,49,36,40,41,30,45.0,19.0,51.0,21.0,50,33,48,45,48,56
new_rain_2/images/Cone_305.jpg,34,48,36,41,39,34,41.0,27.0,45.0,27.0,45,35,45,42,45,49
new_rain_2/images/Cone_290.jpg,23,62,23,44,23,25,22.0,5.0,31.0,3.0,38,21,47,38,53,55
new_rain_2/images/Cone_374.jpg,27,62,27,46,27,30,26.0,14.0,34.0,12.0,39,27,46,42,51,54
new_rain_2/images/Cone_307.jpg,30,56,33,43,38,29,43.0,18.0,49.0,19.0,50,32,51,47,52,59
new_rain_2/images/Cone_66.jpg,32,51,37,41,42,31,48.0,18.0,53.0,19.0,52,35,51,46,50,58
new_rain_2/images/Cone_266.jpg,26,60,28,44,30,27,32.0,10.0,40.0,10.0,44,26,47,43,53,59
new_rain_2/images/Cone_168.jpg,31,56,31,45,30,34,29.0,20.0,35.0,19.0,39,31,44,41,49,51
new_rain_2/images/Cone_222.jpg,34,49,37,42,39,33,40.0,26.0,43.0,26.0,45,33,46,42,47,49
new_rain_2/images/Cone_370.jpg,32,54,33,44,32,34,31.0,22.0,35.0,21.0,40,31,44,40,50,48
new_rain_2/images/Cone_235.jpg,31,56,34,43,37,30,39.0,14.0,47.0,14.0,49,30,51,44,53,58
new_rain_2/images/Cone_139.jpg,34,57,34,40,34,23,33.0,6.0,42.0,5.0,47,19,54,36,59,50
new_rain_2/images/Cone_113.jpg,32,54,34,44,36,34,36.0,21.0,42.0,21.0,44,33,46,43,49,52
new_rain_2/images/Cone_71.jpg,26,55,35,39,43,24,49.0,9.0,58.0,12.0,56,29,55,47,54,65
new_rain_2/images/Cone_208.jpg,32,53,32,43,33,31,34.0,20.0,39.0,19.0,44,30,47,41,50,52
new_rain_2/images/Cone_344.jpg,35,52,35,42,34,33,33.0,22.0,37.0,21.0,41,31,45,39,49,47
new_rain_2/images/Cone_317.jpg,33,52,34,43,36,34,38.0,24.0,43.0,24.0,45,35,46,45,47,52
new_rain_2/images/Cone_180.jpg,33,53,33,44,33,36,33.0,27.0,38.0,26.0,41,35,43,43,46,50
new_rain_2/images/Cone_230.jpg,34,49,35,42,35,35,35.0,27.0,39.0,27.0,41,34,44,42,45,48
new_rain_2/images/Cone_258.jpg,26,55,33,40,40,22,46.0,5.0,56.0,8.0,56,27,55,46,55,66
new_rain_2/images/Cone_284.jpg,30,58,30,45,30,32,29.0,17.0,35.0,16.0,40,29,44,41,50,53
new_rain_2/images/Cone_39.jpg,35,50,39,41,44,31,50.0,21.0,55.0,22.0,53,35,52,46,50,56
new_rain_2/images/Cone_52.jpg,30,55,33,43,37,31,40.0,16.0,48.0,16.0,48,32,50,44,51,57
new_rain_2/images/Cone_232.jpg,32,53,32,44,32,33,32.0,21.0,38.0,20.0,42,32,45,42,48,51
new_rain_2/images/Cone_337.jpg,32,50,35,42,39,31,41.0,22.0,46.0,23.0,47,33,47,43,48,53
new_rain_2/images/Cone_171.jpg,34,60,34,51,34,43,34.0,33.0,40.0,32.0,42,41,45,49,47,57
new_rain_2/images/Cone_49.jpg,33,50,39,40,44,29,48.0,20.0,52.0,21.0,52,32,51,44,50,56
new_rain_2/images/Cone_276.jpg,28,62,28,47,29,33,27.0,18.0,35.0,16.0,40,30,46,43,50,56
new_rain_2/images/Cone_326.jpg,34,48,35,41,39,33,41.0,25.0,45.0,25.0,46,33,47,43,48,49
new_rain_2/images/Cone_354.jpg,28,60,28,47,28,32,27.0,16.0,34.0,15.0,40,29,45,42,50,56
new_rain_2/images/Cone_403.jpg,34,52,36,43,38,34,38.0,24.0,44.0,24.0,46,34,46,43,49,52
new_rain_2/images/Cone_352.jpg,30,51,31,41,32,30,33.0,20.0,38.0,19.0,41,30,44,40,46,49
new_rain_2/images/Cone_240.jpg,25,58,32,40,39,21,46.0,2.0,56.0,3.0,56,26,56,45,56,65
new_rain_2/images/Cone_285.jpg,30,53,29,42,28,30,26.0,17.0,32.0,15.0,37,27,43,38,48,48
new_rain_2/images/Cone_257.jpg,33,50,33,42,33,33,33.0,22.0,38.0,22.0,40,31,44,40,47,47
new_rain_2/images/Cone_211.jpg,31,54,34,42,37,30,40.0,19.0,46.0,19.0,47,31,48,43,50,55
new_rain_2/images/Cone_334.jpg,34,46,36,40,39,31,42.0,24.0,48.0,25.0,47,33,47,43,47,49
new_rain_2/images/Cone_342.jpg,30,53,32,42,35,30,36.0,19.0,44.0,19.0,45,30,46,42,49,54
new_rain_2/images/Cone_221.jpg,35,45,37,39,39,32,41.0,26.0,44.0,26.0,45,32,46,40,46,46
new_rain_2/images/Cone_405.jpg,32,56,32,46,33,36,32.0,24.0,36.0,23.0,40,34,44,43,48,51
new_rain_2/images/Cone_2.jpg,31,57,31,47,32,36,32.0,24.0,35.0,24.0,39,35,42,45,47,54
new_rain_2/images/Cone_178.jpg,36,46,38,41,38,33,40.0,27.0,43.0,27.0,44,33,45,41,45,45
new_rain_2/images/Cone_394.jpg,38,48,39,43,40,39,41.0,35.0,44.0,35.0,44,39,45,44,46,48
new_rain_2/images/Cone_148.jpg,35,47,36,41,35,34,35.0,29.0,39.0,29.0,40,33,43,39,45,44
new_rain_2/images/Cone_212.jpg,33,53,34,43,34,35,33.0,25.0,37.0,25.0,40,33,43,41,46,49
new_rain_2/images/Cone_366.jpg,30,54,30,43,30,29,28.0,16.0,35.0,15.0,39,27,45,40,50,48
new_rain_2/images/Cone_237.jpg,28,74,31,60,35,47,37.0,31.0,45.0,31.0,47,47,49,61,51,76
new_rain_2/images/Cone_129.jpg,22,65,24,46,27,22,29.0,2.0,39.0,1.0,44,20,51,42,57,61
new_rain_2/images/Cone_261.jpg,34,50,36,43,38,34,39.0,24.0,45.0,24.0,46,34,47,43,48,50
new_rain_2/images/Cone_310.jpg,29,56,33,42,36,27,39.0,14.0,47.0,14.0,49,29,50,45,51,57
new_rain_2/images/Cone_390.jpg,34,47,36,41,37,34,38.0,28.0,42.0,28.0,43,35,43,42,44,48
new_rain_2/images/Cone_400.jpg,33,50,34,41,34,32,34.0,24.0,39.0,23.0,41,31,44,40,47,48
new_rain_2/images/Cone_24.jpg,30,52,34,42,39,29,43.0,15.0,50.0,17.0,50,31,50,44,50,57
new_rain_2/images/Cone_297.jpg,28,61,31,44,34,26,36.0,8.0,45.0,9.0,48,26,53,44,55,60
new_rain_2/images/Cone_138.jpg,34,47,36,41,37,33,38.0,27.0,42.0,26.0,43,34,44,41,46,47
new_rain_2/images/Cone_246.jpg,32,51,35,41,39,30,41.0,19.0,47.0,20.0,48,30,49,44,50,55
new_rain_2/images/Cone_404.jpg,34,49,36,41,37,34,37.0,25.0,41.0,25.0,42,34,44,41,46,48
new_rain_2/images/Cone_328.jpg,32,57,36,49,40,43,44.0,34.0,48.0,36.0,47,45,46,54,45,62
new_rain_2/images/Cone_346.jpg,36,50,35,41,36,32,36.0,26.0,41.0,26.0,42,33,45,41,47,49
new_rain_2/images/Cone_322.jpg,31,51,34,42,39,30,42.0,19.0,48.0,21.0,47,32,48,45,48,54
new_rain_2/images/Cone_313.jpg,30,56,32,44,34,32,35.0,19.0,42.0,19.0,44,32,46,44,49,54
new_rain_2/images/Cone_104.jpg,34,46,36,40,37,32,39.0,26.0,42.0,26.0,43,32,44,40,45,46
new_rain_2/images/Cone_143.jpg,33,48,37,40,40,32,42.0,24.0,47.0,25.0,47,34,47,43,48,51
new_rain_2/images/Cone_271.jpg,33,52,35,42,36,32,37.0,22.0,42.0,22.0,44,32,46,42,49,51
new_rain_2/images/Cone_78.jpg,28,55,35,40,41,27,48.0,11.0,56.0,13.0,55,31,54,46,52,62
new_rain_2/images/Cone_314.jpg,33,46,37,38,41,30,45.0,21.0,49.0,23.0,48,32,47,43,47,50
new_rain_2/images/Cone_277.jpg,33,54,34,43,33,32,32.0,21.0,37.0,20.0,41,30,46,40,50,47
new_rain_2/images/Cone_262.jpg,35,50,35,44,35,36,35.0,29.0,38.0,28.0,40,35,44,42,46,48
new_rain_2/images/Cone_201.jpg,30,54,31,43,34,30,36.0,18.0,42.0,18.0,45,30,48,43,50,54
new_rain_2/images/Cone_296.jpg,27,54,35,39,44,23,52.0,6.0,62.0,8.0,58,28,56,46,54,65
new_rain_2/images/Cone_259.jpg,31,49,36,39,42,27,49.0,15.0,54.0,18.0,53,31,52,44,51,57
new_rain_2/images/Cone_30.jpg,35,45,37,40,40,33,42.0,26.0,47.0,26.0,46,35,46,43,46,49
new_rain_2/images/Cone_224.jpg,35,52,35,44,35,38,34.0,32.0,37.0,31.0,40,36,43,43,45,48
new_rain_2/images/Cone_144.jpg,34,50,35,44,35,37,35.0,29.0,38.0,29.0,40,36,43,43,45,49
new_rain_2/images/Cone_199.jpg,25,62,26,46,26,29,24.0,10.0,34.0,8.0,40,26,46,41,53,56
new_rain_2/images/Cone_203.jpg,30,56,31,45,31,33,30.0,21.0,35.0,19.0,38,30,44,41,50,51
new_rain_2/images/Cone_183.jpg,34,46,36,39,40,32,43.0,23.0,47.0,23.0,47,33,46,42,47,50
new_rain_2/images/Cone_395.jpg,36,45,37,39,39,33,41.0,26.0,44.0,27.0,44,33,45,41,46,46
new_rain_2/images/Cone_223.jpg,35,47,36,41,36,33,37.0,28.0,41.0,28.0,42,32,44,41,45,46
new_rain_2/images/Cone_255.jpg,35,46,36,39,37,32,37.0,25.0,41.0,24.0,43,32,44,40,46,46
new_rain_2/images/Cone_60.jpg,34,49,36,41,37,34,38.0,25.0,41.0,25.0,43,34,44,41,46,48
new_rain_2/images/Cone_164.jpg,25,61,29,43,34,26,38.0,8.0,47.0,8.0,49,28,52,46,54,63
new_rain_2/images/Cone_91.jpg,29,50,36,38,43,24,48.0,10.0,56.0,13.0,56,30,54,45,52,60
new_rain_2/images/Cone_72.jpg,31,50,37,39,42,30,46.0,19.0,52.0,19.0,51,33,49,45,48,55
new_rain_2/images/Cone_59.jpg,32,52,33,41,33,31,33.0,20.0,37.0,19.0,41,29,44,39,48,48
new_rain_2/images/Cone_45.jpg,30,66,36,54,41,42,48.0,29.0,54.0,31.0,54,46,53,59,52,72
new_rain_2/images/Cone_127.jpg,34,48,37,40,41,32,44.0,25.0,49.0,26.0,49,34,48,44,48,51
new_rain_2/images/Cone_69.jpg,27,57,36,40,44,22,51.0,1.0,63.0,4.0,60,27,58,46,58,68
new_rain_2/images/Cone_249.jpg,31,47,36,38,42,27,49.0,16.0,54.0,18.0,52,32,49,45,48,57
new_rain_2/images/Cone_149.jpg,34,49,36,41,37,32,38.0,23.0,44.0,24.0,45,32,46,42,46,49
new_rain_2/images/Cone_234.jpg,33,45,33,33,36,14,36.0,6.0,42.0,6.0,43,14,47,33,50,44
new_rain_2/images/Cone_187.jpg,34,53,33,43,32,32,30.0,21.0,35.0,20.0,40,30,45,38,50,47
new_rain_2/images/Cone_287.jpg,34,52,35,47,37,39,38.0,32.0,41.0,32.0,42,39,43,47,44,53
new_rain_2/images/Cone_89.jpg,35,46,37,41,38,36,40.0,29.0,43.0,30.0,44,36,44,42,45,48
new_rain_2/images/Cone_88.jpg,36,46,37,38,39,31,40.0,24.0,44.0,24.0,45,31,46,39,47,46
new_rain_2/images/Cone_14.jpg,32,51,34,41,36,31,38.0,21.0,43.0,21.0,45,31,46,42,48,52
new_rain_2/images/Cone_19.jpg,30,54,34,41,38,28,42.0,13.0,50.0,14.0,51,30,52,44,52,59
new_rain_2/images/Cone_309.jpg,29,56,30,43,31,29,32.0,16.0,39.0,15.0,43,28,47,42,51,54
new_rain_2/images/Cone_304.jpg,37,44,38,39,40,34,41.0,29.0,43.0,29.0,44,34,45,41,45,45
new_rain_2/images/Cone_229.jpg,34,51,33,43,33,34,33.0,22.0,37.0,22.0,40,31,44,40,48,48
new_rain_2/images/Cone_293.jpg,33,49,37,39,42,28,46.0,18.0,52.0,19.0,52,31,50,44,50,55
new_rain_2/images/Cone_184.jpg,29,53,29,42,29,30,28.0,16.0,34.0,15.0,39,27,45,39,49,49
new_rain_2/images/Cone_170.jpg,31,52,32,49,32,45,33.0,41.0,36.0,41.0,37,45,37,49,37,52
new_rain_2/images/Cone_339.jpg,37,48,37,42,37,36,37.0,29.0,41.0,29.0,42,36,43,42,45,47
new_rain_2/images/Cone_20.jpg,32,46,34,38,38,29,40.0,19.0,45.0,19.0,46,30,46,40,47,49
new_rain_2/images/Cone_380.jpg,33,52,33,44,34,35,33.0,26.0,38.0,25.0,41,34,44,43,47,50
new_rain_2/images/Cone_369.jpg,31,58,30,46,31,33,30.0,19.0,36.0,18.0,41,30,46,42,52,53
new_rain_2/images/Cone_275.jpg,30,53,32,43,33,31,33.0,20.0,41.0,20.0,42,30,46,42,48,52
new_rain_2/images/Cone_402.jpg,37,51,39,46,40,38,41.0,32.0,45.0,32.0,46,38,47,46,49,52
new_rain_2/images/Cone_44.jpg,32,47,38,38,42,29,48.0,19.0,53.0,21.0,51,33,50,43,49,53
new_rain_2/images/Cone_228.jpg,35,46,36,40,38,33,39.0,27.0,42.0,27.0,43,33,44,40,45,46
new_rain_2/images/Cone_357.jpg,31,55,32,44,33,34,34.0,24.0,40.0,24.0,43,33,46,44,49,54
new_rain_2/images/Cone_319.jpg,22,68,23,45,25,25,25.0,2.0,,,42,22,48,41,56,60
new_rain_2/images/Cone_107.jpg,35,44,36,38,38,32,41.0,26.0,44.0,26.0,45,33,46,38,46,45
new_rain_2/images/Cone_207.jpg,31,49,31,44,32,38,32.0,32.0,36.0,32.0,37,37,38,43,40,48
new_rain_2/images/Cone_335.jpg,35,50,35,44,36,37,36.0,31.0,40.0,31.0,42,37,43,43,45,49
new_rain_2/images/Cone_18.jpg,36,47,38,41,41,33,44.0,25.0,48.0,26.0,49,34,48,43,48,50
new_rain_2/images/Cone_106.jpg,31,53,35,46,39,39,42.0,30.0,46.0,31.0,46,42,45,50,45,58
new_rain_2/images/Cone_391.jpg,36,49,37,43,38,37,39.0,31.0,42.0,31.0,43,37,43,43,45,49
new_rain_2/images/Cone_37.jpg,34,48,37,40,41,32,43.0,24.0,47.0,25.0,48,33,48,43,49,51
new_rain_2/images/Cone_47.jpg,25,58,35,39,44,21,54.0,1.0,63.0,3.0,62,27,59,47,57,69
new_rain_2/images/Cone_330.jpg,31,49,36,40,39,32,45.0,21.0,50.0,23.0,48,34,48,45,47,54
new_rain_2/images/Cone_336.jpg,30,55,34,44,37,33,40.0,20.0,46.0,21.0,47,34,48,45,49,56
new_rain_2/images/Cone_156.jpg,24,62,26,44,27,26,27.0,5.0,36.0,4.0,42,23,48,41,55,58
new_rain_2/images/Cone_63.jpg,25,59,34,41,44,20,53.0,2.0,64.0,6.0,61,27,59,50,56,70
new_rain_2/images/Cone_231.jpg,34,49,35,43,37,34,38.0,25.0,43.0,25.0,44,34,46,42,47,50
new_rain_2/images/Cone_50.jpg,27,54,35,39,43,22,50.0,4.0,60.0,6.0,58,27,57,45,55,64
new_rain_2/images/Cone_116.jpg,34,48,35,42,37,36,39.0,28.0,42.0,28.0,43,36,44,42,45,48
new_rain_2/images/Cone_159.jpg,26,69,25,54,24,39,24.0,22.0,31.0,21.0,37,36,43,49,48,63
new_rain_2/images/Cone_364.jpg,34,48,37,41,41,31,43.0,22.0,49.0,24.0,48,33,48,43,48,50
new_rain_2/images/Cone_70.jpg,34,48,38,39,41,31,43.0,24.0,48.0,24.0,48,33,48,42,48,51
new_rain_2/images/Cone_273.jpg,28,60,27,46,27,30,24.0,14.0,33.0,11.0,39,28,45,41,51,55
new_rain_2/images/Cone_196.jpg,31,53,32,43,33,30,35.0,20.0,40.0,20.0,43,30,45,42,48,52
new_rain_2/images/Cone_126.jpg,34,45,37,39,40,33,43.0,28.0,46.0,28.0,47,34,47,42,46,48
new_rain_2/images/Cone_115.jpg,37,46,38,42,40,36,41.0,33.0,44.0,33.0,45,37,45,43,45,48
new_rain_2/images/Cone_166.jpg,28,60,28,44,28,29,26.0,13.0,34.0,11.0,40,25,47,40,53,54
new_rain_2/images/Cone_38.jpg,27,54,34,40,42,24,49.0,9.0,56.0,11.0,56,28,54,47,53,62
new_rain_2/images/Cone_215.jpg,23,50,25,37,28,24,30.0,12.0,37.0,11.0,39,25,41,38,44,51
new_rain_2/images/Cone_150.jpg,29,52,34,40,37,28,42.0,13.0,49.0,14.0,49,29,50,42,50,55
new_rain_2/images/Cone_256.jpg,34,51,35,45,35,38,35.0,30.0,39.0,29.0,41,37,43,44,46,49
new_rain_2/images/Cone_169.jpg,21,61,28,40,35,20,42.0,2.0,53.0,2.0,54,24,55,45,57,66
new_rain_2/images/Cone_48.jpg,26,58,30,42,34,27,37.0,10.0,45.0,11.0,48,27,51,43,52,59
new_rain_2/images/Cone_213.jpg,35,50,35,41,36,32,35.0,21.0,41.0,21.0,43,30,45,40,47,48
new_rain_2/images/Cone_288.jpg,34,47,36,40,39,33,40.0,25.0,45.0,25.0,46,34,46,42,46,50
new_rain_2/images/Cone_191.jpg,22,68,22,46,21,23,19.0,2.0,32.0,2.0,38,20,47,40,56,59
new_rain_2/images/Cone_28.jpg,30,61,29,47,28,32,25.0,16.0,32.0,14.0,38,28,45,41,51,53
new_rain_2/images/Cone_117.jpg,35,44,37,39,40,32,43.0,25.0,46.0,26.0,46,33,46,41,46,47
new_rain_2/images/Cone_151.jpg,27,59,27,44,26,28,26.0,12.0,33.0,11.0,39,25,45,40,51,53
new_rain_2/images/Cone_298.jpg,33,51,35,45,38,39,41.0,33.0,44.0,34.0,43,41,43,47,42,54
new_rain_2/images/Cone_41.jpg,30,53,36,41,42,28,49.0,14.0,55.0,16.0,53,32,52,46,51,61
new_rain_2/images/Cone_406.jpg,31,55,32,44,32,33,31.0,20.0,38.0,18.0,42,31,46,42,51,54
new_rain_2/images/Cone_333.jpg,29,55,30,42,33,30,35.0,17.0,42.0,16.0,43,30,46,43,49,55
new_rain_2/images/Cone_43.jpg,33,53,39,41,44,29,51.0,16.0,57.0,18.0,56,33,55,46,53,59
new_rain_2/images/Cone_118.jpg,31,53,34,42,38,32,40.0,19.0,46.0,19.0,48,33,49,43,50,55
new_rain_2/images/Cone_176.jpg,27,61,26,45,26,30,24.0,12.0,33.0,11.0,38,27,45,41,51,55
new_rain_2/images/Cone_141.jpg,23,58,31,39,39,20,,,56.0,2.0,56,24,57,44,57,65
new_rain_2/images/Cone_361.jpg,27,61,27,46,28,29,26.0,11.0,35.0,9.0,41,27,47,42,53,56
new_rain_2/images/Cone_173.jpg,32,54,32,43,32,32,31.0,18.0,36.0,18.0,41,30,46,40,50,50
new_rain_2/images/Cone_351.jpg,27,60,28,46,26,32,25.0,16.0,32.0,14.0,38,30,44,42,49,54
new_rain_2/images/Cone_192.jpg,29,61,28,47,28,33,26.0,17.0,35.0,15.0,40,30,46,43,52,55
new_rain_2/images/Cone_145.jpg,32,49,36,40,39,29,42.0,18.0,48.0,19.0,48,30,49,42,50,52
new_rain_2/images/Cone_95.jpg,36,43,37,37,39,29,40.0,23.0,44.0,23.0,45,30,46,38,47,44
new_rain_2/images/Cone_84.jpg,28,55,35,40,41,25,47.0,11.0,54.0,12.0,54,28,53,45,53,61
new_rain_2/images/Cone_131.jpg,36,46,38,40,41,36,43.0,31.0,45.0,32.0,46,36,46,42,46,48
new_rain_2/images/Cone_373.jpg,32,49,33,42,33,33,33.0,25.0,37.0,24.0,40,32,43,41,46,47
new_rain_2/images/Cone_244.jpg,28,62,34,44,42,23,49.0,9.0,55.0,11.0,54,27,52,48,51,69
new_rain_2/images/Cone_345.jpg,32,55,32,45,32,33,31.0,22.0,37.0,21.0,41,32,46,42,50,51
new_rain_2/images/Cone_153.jpg,28,65,29,27,30,42,29.0,27.0,36.0,27.0,39,39,44,51,48,61
new_rain_2/images/Cone_157.jpg,34,52,34,44,34,34,33.0,24.0,38.0,22.0,41,32,45,41,48,49
new_rain_2/images/Cone_359.jpg,36,48,37,43,37,38,37.0,33.0,40.0,32.0,41,38,43,43,44,48
new_rain_2/images/Cone_128.jpg,22,56,34,37,44,17,53.0,2.0,65.0,4.0,62,25,60,48,58,69
new_rain_2/images/Cone_77.jpg,33,47,36,40,40,31,42.0,24.0,47.0,25.0,47,34,47,43,48,50
new_rain_2/images/Cone_155.jpg,34,51,34,43,34,34,32.0,24.0,37.0,23.0,40,32,44,40,47,47
new_rain_2/images/Cone_367.jpg,32,55,34,43,35,31,37.0,19.0,43.0,18.0,46,31,48,42,51,54
new_rain_2/images/Cone_331.jpg,31,52,34,43,37,33,41.0,22.0,45.0,22.0,46,34,47,45,48,54
new_rain_2/images/Cone_252.jpg,32,46,37,38,43,27,49.0,19.0,54.0,21.0,52,33,50,45,47,54
new_side_1/images/Cone_31.jpg,37,46,38,42,38,39,40.0,36.0,42.0,36.0,42,39,42,43,43,46
new_side_1/images/Cone_149.jpg,32,48,35,41,37,33,39.0,25.0,44.0,24.0,46,33,47,41,48,48
new_side_1/images/Cone_137.jpg,33,49,36,42,37,35,38.0,28.0,44.0,28.0,45,35,47,42,48,50
new_side_1/images/Cone_52.jpg,33,48,35,42,37,36,38.0,31.0,43.0,30.0,44,36,45,43,45,49
new_side_1/images/Cone_7.jpg,32,56,35,45,38,35,41.0,24.0,48.0,24.0,50,35,51,45,54,57
new_side_1/images/Cone_143.jpg,32,51,36,44,39,36,41.0,28.0,46.0,28.0,47,36,48,44,50,52
new_side_1/images/Cone_187.jpg,36,47,37,43,38,39,39.0,34.0,42.0,34.0,43,38,44,43,44,47
new_side_1/images/Cone_193.jpg,21,67,25,46,29,29,34.0,8.0,46.0,8.0,50,28,56,46,62,65
new_side_1/images/Cone_44.jpg,23,61,28,43,31,29,36.0,12.0,46.0,13.0,50,28,54,44,58,60
new_side_1/images/Cone_108.jpg,36,46,37,41,39,35,40.0,30.0,44.0,30.0,44,35,46,41,46,46
new_side_1/images/Cone_29.jpg,30,52,32,42,35,32,38.0,23.0,46.0,23.0,47,33,48,43,50,53
new_side_1/images/Cone_136.jpg,28,60,31,45,32,32,33.0,18.0,43.0,19.0,47,32,51,44,55,58
new_side_1/images/Cone_26.jpg,36,48,36,44,37,40,38.0,37.0,41.0,37.0,42,40,42,44,42,48
new_side_1/images/Cone_88.jpg,26,62,28,53,35,23,37.0,14.0,45.0,14.0,46,23,49,52,52,62
new_side_1/images/Cone_87.jpg,32,57,33,56,38,34,39.0,28.0,44.0,28.0,45,34,48,55,49,57
new_side_1/images/Cone_142.jpg,22,58,26,46,31,33,36.0,18.0,44.0,18.0,46,33,49,47,51,61
new_side_1/images/Cone_32.jpg,33,48,34,41,37,34,38.0,28.0,43.0,28.0,43,34,45,42,46,48
new_side_1/images/Cone_112.jpg,27,54,31,42,34,31,38.0,19.0,45.0,19.0,47,31,50,43,52,53
new_side_1/images/Cone_14.jpg,28,54,32,44,34,35,37.0,25.0,43.0,25.0,44,35,46,44,48,54
new_side_1/images/Cone_117.jpg,36,47,37,43,39,38,40.0,34.0,43.0,34.0,43,38,44,43,44,47
new_side_1/images/Cone_39.jpg,36,46,38,42,39,38,40.0,34.0,43.0,34.0,43,38,44,43,44,47
new_side_1/images/Cone_196.jpg,28,54,31,43,34,32,37.0,22.0,43.0,22.0,46,32,49,43,52,54
new_side_1/images/Cone_116.jpg,17,66,23,44,28,25,32.0,4.0,46.0,4.0,50,24,55,44,60,63
new_side_1/images/Cone_194.jpg,35,48,36,43,38,38,39.0,33.0,43.0,32.0,44,38,45,43,45,47
new_side_1/images/Cone_12.jpg,33,50,35,44,37,38,38.0,30.0,42.0,30.0,44,38,44,44,46,50
new_side_1/images/Cone_144.jpg,26,60,31,46,34,32,38.0,17.0,47.0,17.0,49,32,52,46,57,60
new_side_1/images/Cone_151.jpg,30,54,32,48,37,26,38.0,20.0,43.0,20.0,44,27,49,48,49,53
new_side_1/images/Cone_177.jpg,18,61,24,44,27,26,32.0,7.0,44.0,7.0,48,26,53,43,57,62
new_side_1/images/Cone_15.jpg,28,55,30,47,36,22,37.0,15.0,43.0,14.0,43,22,49,48,50,55
new_side_1/images/Cone_185.jpg,8,78,9,48,12,15,0.0,0.0,0.0,0.0,51,12,65,43,0,0
new_side_1/images/Cone_113.jpg,34,48,37,41,38,36,40.0,30.0,44.0,30.0,44,36,45,41,46,47
new_side_1/images/Cone_162.jpg,32,50,36,43,38,36,40.0,28.0,44.0,28.0,45,36,46,43,48,50
new_side_1/images/Cone_126.jpg,36,47,37,43,39,38,40.0,33.0,43.0,33.0,44,38,45,43,46,47
new_side_1/images/Cone_140.jpg,36,53,36,52,40,35,40.0,31.0,44.0,31.0,44,35,46,52,46,54
new_side_1/images/Cone_21.jpg,20,70,22,64,25,50,33.0,7.0,41.0,6.0,50,49,54,63,55,68
new_side_1/images/Cone_147.jpg,24,73,32,44,36,21,0.0,0.0,0.0,0.0,62,20,68,44,0,0
new_side_1/images/Cone_203.jpg,33,52,35,43,36,35,39.0,27.0,45.0,27.0,47,35,48,44,51,53
new_side_1/images/Cone_79.jpg,30,55,34,44,38,32,42.0,19.0,51.0,19.0,52,33,53,45,56,58
new_side_1/images/Cone_20.jpg,16,76,19,68,34,19,39.0,1.0,49.0,1.0,50,20,58,71,59,80
new_side_1/images/Cone_69.jpg,23,62,28,44,33,28,36.0,10.0,49.0,10.0,52,28,55,45,62,62
new_side_1/images/Cone_97.jpg,24,59,29,44,33,29,36.0,12.0,47.0,12.0,50,29,53,44,57,60
new_side_1/images/Cone_92.jpg,27,59,30,44,34,30,37.0,17.0,46.0,16.0,49,30,52,44,57,58
new_side_1/images/Cone_49.jpg,31,53,34,42,36,32,38.0,21.0,45.0,21.0,47,32,49,42,52,52
new_side_1/images/Cone_45.jpg,36,47,37,43,38,38,39.0,34.0,42.0,34.0,42,38,43,43,43,47
new_side_1/images/Cone_64.jpg,35,47,36,43,37,38,38.0,34.0,42.0,34.0,43,38,44,43,45,48
new_side_1/images/Cone_68.jpg,33,51,35,43,37,36,37.0,28.0,43.0,28.0,45,36,47,43,50,51
new_side_1/images/Cone_23.jpg,36,52,38,46,40,41,41.0,35.0,45.0,35.0,45,41,46,46,47,52
new_side_1/images/Cone_16.jpg,4,75,12,48,14,14,0.0,0.0,0.0,0.0,50,13,60,43,0,0
new_side_1/images/Cone_66.jpg,35,48,37,43,38,38,40.0,33.0,42.0,33.0,43,39,44,43,44,47
new_side_1/images/Cone_199.jpg,34,53,36,46,37,38,40.0,30.0,45.0,29.0,46,37,48,45,50,54
new_side_1/images/Cone_13.jpg,0,0,17,47,23,28,30.0,7.0,42.0,8.0,45,28,49,48,53,68
new_side_1/images/Cone_163.jpg,30,52,34,43,36,33,39.0,23.0,46.0,23.0,47,33,49,43,52,55
new_side_1/images/Cone_159.jpg,30,53,34,44,36,35,39.0,25.0,44.0,25.0,46,35,48,44,51,54
new_side_1/images/Cone_165.jpg,34,52,36,45,37,37,40.0,28.0,45.0,28.0,46,37,48,45,49,54
new_side_1/images/Cone_154.jpg,0,0,0,0,26,20,0.0,0.0,0.0,0.0,53,18,66,77,0,0
new_side_1/images/Cone_153.jpg,20,62,25,44,29,26,34.0,5.0,46.0,5.0,50,26,54,43,62,62
new_side_1/images/Cone_172.jpg,26,58,30,45,34,31,38.0,16.0,47.0,16.0,49,30,53,45,56,60
new_side_1/images/Cone_146.jpg,34,48,36,42,38,35,39.0,30.0,44.0,30.0,44,35,46,43,47,48
new_side_1/images/Cone_161.jpg,29,54,32,44,35,35,37.0,25.0,42.0,25.0,44,35,46,44,50,53
new_side_1/images/Cone_78.jpg,30,56,31,53,37,30,40.0,22.0,45.0,23.0,45,30,47,53,47,57
new_side_1/images/Cone_90.jpg,24,58,30,44,34,31,39.0,16.0,48.0,16.0,50,31,53,46,56,61
new_side_1/images/Cone_171.jpg,34,47,37,41,39,35,40.0,29.0,44.0,30.0,45,35,46,42,46,47
new_side_1/images/Cone_111.jpg,36,49,38,45,39,41,40.0,37.0,43.0,37.0,43,41,44,45,44,49
new_side_1/images/Cone_57.jpg,31,52,34,44,35,37,37.0,29.0,43.0,29.0,44,37,46,44,47,53
new_side_1/images/Cone_8.jpg,20,66,25,44,29,22,0.0,0.0,0.0,0.0,56,22,61,44,68,67
new_side_1/images/Cone_42.jpg,39,50,40,48,41,44,42.0,42.0,44.0,42.0,44,44,44,47,44,50
new_side_1/images/Cone_77.jpg,33,51,36,43,39,36,40.0,27.0,47.0,27.0,48,36,50,44,52,53
new_side_1/images/Cone_33.jpg,36,47,38,41,38,36,40.0,31.0,44.0,31.0,44,36,45,42,46,47
new_side_1/images/Cone_25.jpg,35,47,37,42,38,37,39.0,31.0,44.0,31.0,44,36,45,42,45,48
new_side_1/images/Cone_82.jpg,30,55,33,44,36,35,39.0,23.0,47.0,23.0,49,35,51,44,54,56
new_side_1/images/Cone_192.jpg,23,59,26,44,28,27,33.0,11.0,42.0,11.0,46,27,51,43,56,59
new_side_1/images/Cone_134.jpg,16,68,22,46,26,24,0.0,0.0,0.0,0.0,53,23,58,45,66,68
new_side_1/images/Cone_47.jpg,33,51,35,42,37,35,39.0,27.0,44.0,27.0,45,35,47,43,48,51
new_side_1/images/Cone_81.jpg,34,48,37,42,38,36,40.0,29.0,45.0,29.0,45,36,46,42,48,49
new_side_1/images/Cone_56.jpg,16,65,21,44,25,22,0.0,0.0,0.0,0.0,50,21,57,43,65,65
new_side_1/images/Cone_99.jpg,33,53,34,45,36,37,39.0,28.0,44.0,28.0,46,37,47,45,49,54
new_side_1/images/Cone_200.jpg,30,56,34,44,34,34,38.0,23.0,44.0,23.0,47,34,51,45,55,56
new_side_1/images/Cone_197.jpg,32,56,35,45,37,34,39.0,23.0,46.0,23.0,49,33,52,45,56,56
new_side_1/images/Cone_2.jpg,33,49,36,42,37,37,40.0,31.0,45.0,31.0,45,37,46,43,47,50
new_side_1/images/Cone_34.jpg,31,54,34,43,38,31,42.0,19.0,50.0,20.0,51,32,53,43,54,56
new_side_1/images/Cone_94.jpg,27,56,31,44,34,32,38.0,20.0,46.0,20.0,48,32,50,44,53,56
new_side_1/images/Cone_168.jpg,34,49,36,43,38,36,40.0,30.0,44.0,30.0,44,36,46,43,46,49
new_side_1/images/Cone_184.jpg,32,50,33,43,35,35,36.0,28.0,41.0,28.0,42,34,45,42,47,50
new_side_1/images/Cone_18.jpg,27,57,28,53,33,27,35.0,18.0,41.0,18.0,42,27,47,53,47,57
new_side_1/images/Cone_106.jpg,35,48,37,42,38,36,40.0,30.0,44.0,30.0,45,36,46,43,46,48
new_side_1/images/Cone_120.jpg,21,62,24,45,27,28,30.0,10.0,42.0,10.0,46,27,52,43,57,59
new_side_1/images/Cone_156.jpg,27,60,28,57,35,28,36.0,20.0,43.0,19.0,44,29,49,57,49,60
new_side_1/images/Cone_181.jpg,30,50,34,41,37,32,38.0,22.0,45.0,22.0,47,31,48,41,50,51
new_side_1/images/Cone_1.jpg,0,0,0,0,32,27,38.0,9.0,49.0,9.0,51,29,0,0,0,0
new_side_1/images/Cone_22.jpg,31,52,34,43,35,35,37.0,26.0,42.0,26.0,43,35,46,43,48,52
new_side_1/images/Cone_148.jpg,34,52,38,44,39,37,42.0,28.0,47.0,28.0,48,37,48,44,50,52
new_side_1/images/Cone_9.jpg,25,64,30,47,34,30,36.0,14.0,45.0,12.0,45,28,47,43,50,56
new_side_1/images/Cone_95.jpg,33,53,37,44,40,37,42.0,29.0,48.0,29.0,49,37,50,45,51,53
new_side_1/images/Cone_17.jpg,30,54,35,44,38,33,41.0,23.0,48.0,23.0,49,34,50,44,53,55
new_side_1/images/Cone_158.jpg,0,0,0,0,34,27,40.0,8.0,52.0,8.0,53,28,0,0,0,0
new_side_1/images/Cone_71.jpg,32,54,35,44,38,34,40.0,25.0,47.0,24.0,49,34,50,44,52,54
new_side_1/images/Cone_75.jpg,30,54,34,43,36,34,39.0,25.0,45.0,25.0,47,34,49,44,53,55
new_side_1/images/Cone_55.jpg,38,47,38,44,39,41,40.0,38.0,42.0,38.0,42,41,43,44,43,47
new_side_1/images/Cone_155.jpg,30,54,34,44,36,35,39.0,26.0,45.0,26.0,47,35,48,45,49,54
new_side_1/images/Cone_189.jpg,31,57,32,54,35,40,37.0,31.0,41.0,31.0,42,40,44,55,44,57
new_side_1/images/Cone_119.jpg,31,52,34,43,36,35,38.0,26.0,43.0,27.0,45,35,46,43,48,52
new_side_1/images/Cone_62.jpg,25,60,28,45,31,31,34.0,15.0,44.0,15.0,47,31,50,45,56,59
new_side_1/images/Cone_191.jpg,31,49,33,41,35,34,37.0,27.0,41.0,27.0,42,34,44,41,46,48
new_side_1/images/Cone_107.jpg,8,77,14,48,18,16,0.0,0.0,0.0,0.0,52,14,62,43,73,69
new_side_1/images/Cone_204.jpg,33,50,35,44,36,38,38.0,32.0,42.0,32.0,43,38,45,44,46,51
new_side_1/images/Cone_3.jpg,30,54,34,42,37,31,41.0,18.0,50.0,19.0,52,31,53,43,56,55
new_side_1/images/Cone_24.jpg,34,49,36,43,37,37,39.0,32.0,43.0,32.0,44,37,45,43,46,49
new_side_1/images/Cone_67.jpg,37,46,37,43,38,40,39.0,37.0,42.0,37.0,42,39,42,43,43,46
new_side_1/images/Cone_96.jpg,27,56,31,44,34,32,38.0,19.0,45.0,19.0,47,32,49,44,53,56
new_side_1/images/Cone_152.jpg,31,52,34,44,36,37,38.0,29.0,43.0,29.0,44,38,45,45,47,52
new_side_1/images/Cone_54.jpg,36,47,37,43,38,38,39.0,35.0,42.0,35.0,43,38,44,43,44,47
new_side_1/images/Cone_182.jpg,35,48,37,43,38,38,39.0,32.0,43.0,32.0,43,38,44,43,45,48
new_side_1/images/Cone_91.jpg,21,63,22,58,31,18,34.0,5.0,43.0,4.0,44,17,52,58,52,63
new_side_1/images/Cone_84.jpg,21,61,27,45,32,28,37.0,8.0,48.0,8.0,51,28,54,45,60,64
new_side_1/images/Cone_129.jpg,31,52,34,44,36,35,37.0,26.0,45.0,26.0,47,35,48,43,51,52
new_side_1/images/Cone_89.jpg,16,76,18,70,31,17,,,,,47,17,57,69,59,77
new_side_1/images/Cone_40.jpg,29,54,33,43,36,32,39.0,22.0,47.0,21.0,49,32,51,43,53,54
new_side_1/images/Cone_50.jpg,25,58,28,44,30,31,34.0,16.0,43.0,16.0,46,30,50,44,54,56
new_side_1/images/Cone_0.jpg,33,52,35,43,37,35,39.0,26.0,44.0,26.0,46,35,47,43,50,52
new_side_1/images/Cone_59.jpg,34,48,36,42,37,37,38.0,31.0,43.0,31.0,44,37,45,42,46,48
new_side_2/images/Cone_24.jpg,32,54,35,43,36,38,36.0,32.0,40.0,32.0,41,37,42,42,45,53
new_side_2/images/Cone_41.jpg,31,54,33,43,35,32,38.0,21.0,45.0,21.0,47,32,50,43,53,54
new_side_2/images/Cone_108.jpg,34,49,34,47,39,37,40.0,33.0,42.0,33.0,42,38,43,48,43,50
new_side_2/images/Cone_46.jpg,35,46,36,45,40,36,41.0,32.0,43.0,32.0,43,36,43,45,43,48
new_side_2/images/Cone_156.jpg,26,65,28,56,30,47,31.0,38.0,39.0,38.0,40,47,42,56,45,66
new_side_2/images/Cone_158.jpg,30,52,32,43,34,34,35.0,25.0,42.0,25.0,44,34,47,43,49,52
new_side_2/images/Cone_19.jpg,30,52,34,44,36,36,40.0,28.0,46.0,28.0,47,37,48,45,49,53
new_side_2/images/Cone_65.jpg,25,58,28,46,32,32,36.0,17.0,46.0,17.0,49,32,52,45,56,60
new_side_2/images/Cone_67.jpg,33,50,34,42,35,36,36.0,29.0,40.0,29.0,42,36,45,42,47,50
new_side_2/images/Cone_117.jpg,32,49,34,41,36,33,36.0,25.0,42.0,25.0,44,33,47,41,49,49
new_side_2/images/Cone_7.jpg,25,60,27,46,28,32,29.0,18.0,37.0,18.0,43,31,48,43,54,56
new_side_2/images/Cone_56.jpg,32,51,33,43,33,34,35.0,25.0,39.0,24.0,42,33,45,42,49,50
new_side_2/images/Cone_105.jpg,24,58,26,55,34,17,35.0,7.0,42.0,7.0,45,17,52,54,53,58
new_side_2/images/Cone_94.jpg,30,53,32,44,35,34,37.0,24.0,43.0,23.0,45,34,47,43,50,54
new_side_2/images/Cone_142.jpg,32,49,35,42,39,35,41.0,27.0,47.0,28.0,48,36,48,43,49,51
new_side_2/images/Cone_83.jpg,28,58,33,45,35,32,39.0,18.0,47.0,18.0,50,32,51,45,56,59
new_side_2/images/Cone_60.jpg,32,52,34,44,36,37,37.0,29.0,43.0,29.0,45,36,47,44,49,52
new_side_2/images/Cone_72.jpg,33,54,34,49,35,43,36.0,37.0,41.0,37.0,42,43,44,49,45,54
new_side_2/images/Cone_150.jpg,30,51,34,41,37,33,41.0,24.0,48.0,24.0,48,34,48,43,49,53
new_side_2/images/Cone_141.jpg,33,51,35,45,36,41,38.0,36.0,42.0,36.0,42,41,43,45,44,51
new_side_2/images/Cone_81.jpg,34,49,37,43,39,37,42.0,31.0,47.0,31.0,47,38,47,44,47,51
new_side_2/images/Cone_89.jpg,25,71,26,66,32,28,34.0,16.0,43.0,16.0,45,27,53,66,54,70
new_side_2/images/Cone_133.jpg,29,57,30,46,30,34,32.0,23.0,39.0,22.0,43,33,48,43,52,55
new_side_2/images/Cone_10.jpg,35,48,36,44,37,39,38.0,34.0,41.0,34.0,42,39,43,44,45,48
new_side_2/images/Cone_4.jpg,34,48,35,42,36,38,37.0,32.0,42.0,32.0,43,38,44,42,45,48
new_side_2/images/Cone_114.jpg,34,47,36,41,37,35,38.0,29.0,42.0,29.0,44,35,45,41,46,47
new_side_2/images/Cone_132.jpg,32,52,34,44,35,37,36.0,28.0,41.0,27.0,43,36,46,44,48,52
new_side_2/images/Cone_154.jpg,25,65,26,61,32,28,34.0,16.0,40.0,16.0,43,28,51,61,51,65
new_side_2/images/Cone_44.jpg,31,48,35,40,38,32,41.0,24.0,47.0,24.0,47,33,48,42,48,50
new_side_2/images/Cone_78.jpg,31,53,32,45,34,36,36.0,27.0,41.0,27.0,44,36,46,44,48,53
new_side_2/images/Cone_38.jpg,36,48,38,44,39,40,40.0,36.0,42.0,36.0,43,40,43,44,44,48
new_side_2/images/Cone_109.jpg,31,51,34,41,37,32,39.0,23.0,45.0,23.0,46,33,48,42,51,51
new_side_2/images/Cone_96.jpg,26,64,27,36,28,25,29.0,11.0,36.0,11.0,40,23,43,34,56,62
new_side_2/images/Cone_52.jpg,31,54,34,45,36,37,38.0,28.0,45.0,28.0,46,36,48,45,48,54
new_side_2/images/Cone_115.jpg,26,58,29,43,32,28,35.0,13.0,44.0,12.0,48,27,53,42,57,57
new_side_2/images/Cone_74.jpg,31,52,33,44,35,35,38.0,26.0,45.0,27.0,46,35,48,44,48,53
new_side_2/images/Cone_91.jpg,30,54,31,51,36,29,37.0,21.0,42.0,21.0,42,29,48,51,48,54
new_side_2/images/Cone_69.jpg,37,48,38,45,39,42,40.0,39.0,41.0,39.0,41,42,42,45,42,48
new_side_2/images/Cone_119.jpg,35,48,36,44,36,40,37.0,36.0,40.0,36.0,40,40,42,44,42,48
new_side_2/images/Cone_6.jpg,27,56,28,45,30,34,31.0,22.0,39.0,22.0,43,32,46,44,51,55
new_side_2/images/Cone_26.jpg,30,53,32,44,33,36,34.0,27.0,40.0,26.0,43,35,45,44,48,52
new_side_2/images/Cone_77.jpg,34,48,36,42,38,37,41.0,32.0,45.0,32.0,45,38,45,44,45,49
new_side_2/images/Cone_146.jpg,32,50,34,43,36,37,38.0,30.0,43.0,30.0,44,37,45,44,46,51
new_side_2/images/Cone_16.jpg,28,55,34,44,40,32,46.0,18.0,54.0,19.0,54,33,54,46,56,60
new_side_2/images/Cone_88.jpg,32,53,34,45,36,38,38.0,30.0,43.0,30.0,44,38,45,45,47,53
new_side_2/images/Cone_138.jpg,30,55,34,45,39,35,44.0,24.0,51.0,24.0,51,36,51,47,53,58
new_side_2/images/Cone_51.jpg,36,46,38,41,38,36,40.0,32.0,43.0,32.0,44,36,45,41,45,46
new_side_2/images/Cone_61.jpg,36,48,36,44,38,41,38.0,37.0,42.0,37.0,43,40,43,44,44,49
new_side_2/images/Cone_124.jpg,33,53,34,46,36,40,37.0,33.0,41.0,33.0,43,40,45,46,46,52
new_side_2/images/Cone_73.jpg,32,53,33,46,33,40,34.0,34.0,38.0,34.0,40,39,42,46,44,52
new_side_2/images/Cone_152.jpg,29,55,30,53,36,27,38.0,19.0,43.0,19.0,44,28,49,53,50,56
new_side_2/images/Cone_48.jpg,29,53,32,41,35,29,38.0,16.0,47.0,16.0,49,29,52,41,55,54
new_side_2/images/Cone_18.jpg,35,48,37,44,38,39,39.0,34.0,43.0,34.0,44,39,44,44,44,48
new_side_2/images/Cone_147.jpg,24,59,27,45,31,31,33.0,14.0,43.0,15.0,46,31,50,44,55,58
new_side_2/images/Cone_5.jpg,29,53,31,43,34,32,36.0,21.0,43.0,21.0,46,32,50,43,52,54
new_side_2/images/Cone_120.jpg,32,48,33,43,35,37,37.0,32.0,41.0,32.0,42,37,43,43,44,48
new_side_2/images/Cone_144.jpg,32,51,34,44,36,39,38.0,33.0,43.0,33.0,44,40,44,45,46,52
new_side_2/images/Cone_129.jpg,32,50,34,42,35,34,36.0,25.0,43.0,25.0,46,33,48,42,50,51
new_side_2/images/Cone_99.jpg,30,53,34,45,35,37,38.0,28.0,42.0,27.0,45,37,46,44,47,53
new_side_2/images/Cone_8.jpg,31,53,33,44,35,35,36.0,25.0,42.0,24.0,45,35,47,44,50,53
new_side_2/images/Cone_62.jpg,37,48,38,44,39,39,39.0,35.0,43.0,35.0,44,39,45,44,46,48
new_side_2/images/Cone_155.jpg,30,53,34,45,37,36,39.0,27.0,46.0,27.0,47,36,47,44,50,53
new_side_2/images/Cone_98.jpg,30,52,33,44,36,34,39.0,25.0,45.0,25.0,47,35,48,44,49,53
new_side_2/images/Cone_128.jpg,35,50,36,44,36,40,38.0,35.0,41.0,34.0,43,39,44,44,46,49
new_side_2/images/Cone_121.jpg,33,53,36,45,37,38,40.0,31.0,45.0,31.0,46,39,47,46,49,54
new_side_2/images/Cone_31.jpg,34,48,37,42,38,38,39.0,33.0,43.0,33.0,44,38,44,43,44,49
new_side_2/images/Cone_58.jpg,32,50,33,42,34,34,35.0,27.0,41.0,26.0,42,33,45,41,48,49
new_side_2/images/Cone_126.jpg,31,54,34,44,36,34,39.0,23.0,46.0,23.0,49,34,51,44,55,54
new_side_2/images/Cone_85.jpg,32,51,35,45,37,38,39.0,30.0,44.0,31.0,46,38,46,45,48,53
new_side_2/images/Cone_107.jpg,29,53,32,42,36,31,39.0,20.0,46.0,20.0,48,31,50,43,53,54
new_side_2/images/Cone_2.jpg,21,63,25,45,28,28,30.0,11.0,41.0,10.0,47,28,52,43,58,59
new_side_2/images/Cone_0.jpg,32,52,34,44,35,37,37.0,28.0,43.0,28.0,45,37,47,45,50,53
new_side_2/images/Cone_130.jpg,31,55,33,45,34,36,35.0,27.0,41.0,26.0,44,35,47,44,50,54
new_side_2/images/Cone_103.jpg,34,49,36,42,37,38,38.0,32.0,42.0,32.0,43,38,44,43,45,48
new_side_2/images/Cone_23.jpg,32,55,32,53,36,32,36.0,26.0,41.0,25.0,42,32,47,53,48,55
new_side_2/images/Cone_90.jpg,32,51,35,45,37,39,40.0,31.0,46.0,31.0,46,39,46,46,46,53
new_side_2/images/Cone_32.jpg,34,49,35,43,36,37,38.0,32.0,42.0,32.0,43,38,44,43,45,49
new_side_2/images/Cone_122.jpg,30,55,33,44,35,35,36.0,25.0,43.0,25.0,45,35,48,44,51,54
new_side_2/images/Cone_102.jpg,37,47,37,44,38,41,39.0,38.0,41.0,38.0,41,41,42,44,42,47
new_side_2/images/Cone_25.jpg,20,69,22,63,37,22,41.0,9.0,51.0,9.0,51,23,53,66,53,73
new_side_2/images/Cone_59.jpg,17,62,18,44,18,24,20.0,3.0,32.0,2.0,40,20,49,39,60,59
new_side_2/images/Cone_29.jpg,28,56,32,43,34,31,36.0,19.0,44.0,19.0,47,30,50,43,52,55
new_side_2/images/Cone_104.jpg,31,49,34,41,37,33,39.0,25.0,45.0,25.0,46,33,47,41,48,50
new_side_2/images/Cone_47.jpg,36,46,37,43,39,39,40.0,35.0,42.0,35.0,42,39,43,43,43,47
new_side_3/images/Cone_85.jpg,35,48,36,43,37,38,38.0,32.0,42.0,32.0,44,38,44,43,46,48
new_side_3/images/Cone_39.jpg,26,58,32,45,36,32,40.0,19.0,50.0,19.0,50,33,52,47,54,61
new_side_3/images/Cone_119.jpg,25,57,30,43,33,31,36.0,17.0,45.0,17.0,47,30,49,44,53,58
new_side_3/images/Cone_107.jpg,32,50,35,42,37,35,40.0,26.0,44.0,26.0,46,35,47,43,49,51
new_side_3/images/Cone_143.jpg,34,47,34,43,36,37,38.0,32.0,42.0,32.0,43,38,43,43,44,48
new_side_3/images/Cone_131.jpg,31,52,33,42,36,32,37.0,23.0,45.0,23.0,46,33,49,42,52,52
new_side_3/images/Cone_54.jpg,34,49,36,44,38,38,39.0,33.0,44.0,32.0,44,38,45,44,45,49
new_side_3/images/Cone_53.jpg,35,52,38,46,39,40,40.0,34.0,45.0,34.0,45,40,46,46,47,52
new_side_3/images/Cone_99.jpg,25,68,26,64,34,31,37.0,20.0,43.0,20.0,45,31,51,65,52,68
new_side_3/images/Cone_72.jpg,31,53,34,42,36,33,38.0,24.0,44.0,24.0,46,33,49,43,52,52
new_side_3/images/Cone_8.jpg,31,52,34,43,36,35,39.0,26.0,44.0,26.0,46,34,48,44,50,53
new_side_3/images/Cone_40.jpg,24,60,29,44,34,28,37.0,13.0,49.0,12.0,51,29,54,44,58,60
new_side_3/images/Cone_42.jpg,31,51,33,43,35,35,38.0,27.0,43.0,27.0,44,35,46,44,47,51
new_side_3/images/Cone_112.jpg,32,48,35,41,37,33,40.0,25.0,46.0,26.0,47,33,48,42,49,50
new_side_3/images/Cone_77.jpg,20,62,25,45,29,28,32.0,10.0,44.0,10.0,48,29,52,45,59,62
new_side_3/images/Cone_70.jpg,18,67,23,45,27,25,31.0,3.0,45.0,2.0,51,24,57,45,63,65
new_side_3/images/Cone_181.jpg,33,50,35,43,37,35,39.0,27.0,45.0,27.0,46,36,47,43,48,50
new_side_3/images/Cone_100.jpg,32,50,34,44,37,37,38.0,31.0,43.0,31.0,44,38,44,44,46,50
new_side_3/images/Cone_183.jpg,29,51,33,41,36,31,39.0,21.0,46.0,21.0,48,32,49,42,52,53
new_side_3/images/Cone_179.jpg,33,48,36,42,38,35,40.0,28.0,45.0,28.0,45,35,46,41,47,48
new_side_3/images/Cone_52.jpg,32,52,34,44,35,36,37.0,28.0,43.0,28.0,44,36,46,44,47,52
new_side_3/images/Cone_57.jpg,32,51,35,43,38,35,39.0,26.0,46.0,26.0,47,35,48,43,49,53
new_side_3/images/Cone_25.jpg,29,53,33,42,35,33,38.0,24.0,44.0,23.0,46,33,48,42,51,52
new_side_3/images/Cone_162.jpg,33,51,35,45,37,38,39.0,32.0,44.0,32.0,44,39,45,45,46,51
new_side_3/images/Cone_138.jpg,31,53,32,45,35,36,36.0,27.0,42.0,27.0,43,36,45,45,48,54
new_side_3/images/Cone_86.jpg,33,52,35,45,36,39,38.0,34.0,41.0,34.0,43,39,44,45,45,52
new_side_3/images/Cone_19.jpg,34,47,36,41,38,36,39.0,31.0,43.0,31.0,44,36,44,42,45,47
new_side_3/images/Cone_58.jpg,32,51,34,44,36,36,38.0,29.0,44.0,29.0,45,36,46,44,47,51
new_side_3/images/Cone_161.jpg,32,48,34,41,36,35,37.0,29.0,42.0,28.0,44,35,44,42,44,48
new_side_3/images/Cone_12.jpg,36,46,38,42,39,37,40.0,34.0,42.0,34.0,43,37,43,42,44,46
new_side_3/images/Cone_127.jpg,34,49,35,42,37,36,39.0,30.0,43.0,30.0,44,36,44,42,46,49
new_side_3/images/Cone_44.jpg,18,66,23,43,28,22,0.0,0.0,0.0,0.0,53,23,59,43,64,64
new_side_3/images/Cone_108.jpg,34,51,37,45,39,38,40.0,32.0,45.0,31.0,45,38,46,45,47,52
new_side_3/images/Cone_23.jpg,33,50,35,44,37,38,38.0,32.0,43.0,32.0,44,38,45,44,46,50
new_side_3/images/Cone_30.jpg,30,54,32,44,34,34,36.0,23.0,43.0,23.0,45,34,48,43,50,53
new_side_3/images/Cone_20.jpg,25,56,29,42,32,30,35.0,16.0,43.0,16.0,47,29,51,42,54,55
new_side_3/images/Cone_122.jpg,32,51,34,43,37,36,39.0,28.0,44.0,28.0,45,36,47,44,48,52
new_side_3/images/Cone_21.jpg,35,49,36,44,38,39,39.0,34.0,42.0,34.0,44,39,44,44,45,49
new_side_3/images/Cone_109.jpg,23,58,28,43,32,28,36.0,11.0,46.0,12.0,49,28,53,43,57,60
new_side_3/images/Cone_82.jpg,18,66,22,46,23,27,26.0,6.0,39.0,5.0,44,26,51,44,59,63
new_side_3/images/Cone_121.jpg,37,46,38,43,39,40,40.0,37.0,42.0,37.0,42,40,42,44,43,47
new_side_3/images/Cone_118.jpg,34,48,36,41,38,35,40.0,29.0,43.0,28.0,45,35,46,41,47,48
new_side_3/images/Cone_160.jpg,35,47,36,43,38,38,39.0,34.0,42.0,33.0,42,38,43,42,43,47
new_side_3/images/Cone_9.jpg,33,49,35,42,36,36,38.0,29.0,43.0,29.0,44,35,46,42,47,49
new_side_3/images/Cone_164.jpg,32,51,34,42,38,35,39.0,27.0,45.0,27.0,46,35,47,43,49,52
new_side_3/images/Cone_170.jpg,35,51,37,45,38,40,40.0,34.0,44.0,34.0,44,40,45,46,46,50
new_side_3/images/Cone_55.jpg,34,49,37,42,38,35,40.0,28.0,46.0,28.0,46,35,47,43,49,49
new_side_3/images/Cone_4.jpg,37,46,38,42,39,38,40.0,34.0,43.0,34.0,44,38,44,42,44,46
new_side_3/images/Cone_106.jpg,34,52,35,46,38,39,39.0,32.0,44.0,32.0,45,39,46,46,48,53
new_side_3/images/Cone_69.jpg,34,48,36,41,38,35,39.0,28.0,44.0,28.0,45,35,46,41,47,48
new_side_3/images/Cone_22.jpg,32,50,33,43,36,34,38.0,26.0,43.0,26.0,45,34,47,42,49,50
new_side_3/images/Cone_182.jpg,34,47,36,41,38,35,39.0,29.0,44.0,29.0,45,35,46,41,47,47
new_side_3/images/Cone_144.jpg,30,55,34,44,37,33,39.0,21.0,49.0,21.0,50,34,52,44,55,57
new_side_3/images/Cone_87.jpg,33,49,35,44,36,39,37.0,35.0,40.0,34.0,41,39,42,44,43,48
new_side_3/images/Cone_139.jpg,34,48,36,43,38,37,39.0,31.0,44.0,31.0,44,37,46,42,46,48
new_side_3/images/Cone_134.jpg,37,48,38,44,38,41,39.0,37.0,42.0,37.0,42,41,43,45,43,48
new_side_3/images/Cone_101.jpg,32,55,33,53,38,31,39.0,24.0,44.0,24.0,44,32,46,53,47,55
new_side_3/images/Cone_172.jpg,35,48,36,42,38,36,40.0,29.0,44.0,29.0,45,36,46,42,47,49
new_side_3/images/Cone_126.jpg,32,52,35,43,38,35,40.0,26.0,47.0,25.0,48,35,50,43,51,53
new_side_3/images/Cone_36.jpg,33,49,35,43,37,37,38.0,31.0,42.0,31.0,43,37,44,43,46,49
new_side_3/images/Cone_3.jpg,32,49,35,41,37,35,39.0,28.0,44.0,28.0,45,35,46,42,47,49
new_side_3/images/Cone_177.jpg,29,50,32,41,35,32,37.0,23.0,45.0,32.0,45,32,47,41,50,51
new_side_3/images/Cone_62.jpg,34,49,36,42,38,34,40.0,28.0,45.0,28.0,46,35,47,43,49,49
new_side_3/images/Cone_80.jpg,32,49,35,41,37,33,39.0,26.0,44.0,26.0,45,33,47,41,49,49
new_side_3/images/Cone_76.jpg,30,54,33,44,36,34,37.0,24.0,44.0,24.0,46,35,48,44,50,54
new_side_3/images/Cone_26.jpg,33,50,35,44,36,40,37.0,35.0,41.0,35.0,42,40,43,44,44,50
new_side_3/images/Cone_128.jpg,60,45,60,42,61,39,62.0,37.0,64.0,37.0,64,39,64,42,64,45
new_side_3/images/Cone_6.jpg,22,58,27,44,31,29,33.0,14.0,44.0,14.0,46,29,49,44,54,59
new_side_3/images/Cone_159.jpg,32,51,35,43,37,34,40.0,25.0,47.0,25.0,47,35,48,43,50,52
new_side_3/images/Cone_156.jpg,33,52,35,46,37,40,38.0,34.0,44.0,34.0,44,40,44,46,45,53
new_side_3/images/Cone_148.jpg,32,53,34,44,36,37,37.0,27.0,43.0,27.0,45,36,47,44,50,52
new_side_3/images/Cone_49.jpg,32,53,34,50,38,32,39.0,25.0,44.0,25.0,44,32,46,50,47,53
new_side_3/images/Cone_37.jpg,29,58,31,54,38,32,41.0,22.0,45.0,23.0,46,31,47,53,48,58
new_side_3/images/Cone_15.jpg,26,58,30,44,35,29,38.0,14.0,48.0,14.0,49,30,53,44,57,58
new_side_3/images/Cone_132.jpg,28,54,29,42,32,29,35.0,16.0,44.0,15.0,47,29,51,42,54,55
new_side_3/images/Cone_29.jpg,33,50,34,43,37,35,38.0,28.0,44.0,28.0,45,36,46,42,46,51
new_side_3/images/Cone_51.jpg,24,65,25,59,38,19,41.0,6.0,49.0,6.0,51,20,56,60,57,67
new_side_3/images/Cone_78.jpg,35,50,36,45,37,41,38.0,36.0,41.0,36.0,42,40,42,45,44,50
new_side_3/images/Cone_43.jpg,31,52,46,44,36,35,38.0,26.0,44.0,26.0,45,36,46,44,49,53
new_side_3/images/Cone_1.jpg,32,48,34,42,37,33,39.0,26.0,44.0,26.0,45,34,47,41,48,49
new_side_3/images/Cone_63.jpg,19,61,24,44,29,27,34.0,10.0,45.0,10.0,48,28,52,45,57,62
new_side_3/images/Cone_130.jpg,22,58,26,42,31,25,34.0,5.0,47.0,5.0,50,24,55,42,60,61
new_side_3/images/Cone_173.jpg,32,49,35,42,37,34,39.0,26.0,43.0,26.0,44,35,46,43,47,49
new_side_3/images/Cone_13.jpg,30,50,33,42,36,34,38.0,25.0,44.0,25.0,45,33,47,42,49,51
new_side_3/images/Cone_140.jpg,24,62,27,46,30,30,33.0,10.0,45.0,10.0,49,29,54,45,60,62
new_side_3/images/Cone_5.jpg,30,57,31,54,38,26,40.0,18.0,46.0,19.0,46,26,50,55,51,58
new_side_3/images/Cone_180.jpg,32,49,35,42,37,34,39.0,27.0,44.0,27.0,46,35,46,42,47,49
new_side_3/images/Cone_64.jpg,34,48,36,42,38,36,40.0,30.0,44.0,30.0,45,36,46,43,46,48
new_side_3/images/Cone_97.jpg,14,70,21,44,27,20,0.0,0.0,0.0,0.0,54,20,59,44,70,68
new_side_3/images/Cone_157.jpg,34,52,35,50,38,32,38.0,26.0,44.0,26.0,44,31,47,50,48,53
new_side_3/images/Cone_90.jpg,34,47,36,41,36,36,38.0,31.0,42.0,30.0,42,36,43,41,44,47
new_side_3/images/Cone_14.jpg,45,45,46,43,46,40,47.0,38.0,48.0,38.0,49,41,49,43,49,45
new_side_3/images/Cone_34.jpg,32,51,34,43,36,35,38.0,27.0,44.0,27.0,45,35,46,43,48,51
new_side_3/images/Cone_71.jpg,32,50,33,41,35,34,36.0,26.0,42.0,26.0,44,33,46,41,47,49
new_side_3/images/Cone_48.jpg,33,49,35,43,37,37,39.0,30.0,43.0,30.0,44,37,46,43,46,50
new_side_3/images/Cone_147.jpg,32,50,34,44,36,38,38.0,30.0,43.0,30.0,44,38,46,44,47,51
new_side_3/images/Cone_105.jpg,31,54,34,45,36,36,39.0,26.0,43.0,26.0,45,36,48,45,51,54
new_side_3/images/Cone_16.jpg,29,54,32,42,34,32,36.0,21.0,43.0,20.0,45,32,49,42,51,53
new_side_3/images/Cone_142.jpg,30,52,33,43,35,34,37.0,25.0,44.0,24.0,46,34,48,43,51,53
new_side_3/images/Cone_174.jpg,32,51,35,44,37,37,39.0,30.0,44.0,30.0,45,37,46,44,48,51
new_side_3/images/Cone_115.jpg,34,53,36,46,38,41,40.0,35.0,44.0,35.0,45,41,46,47,47,53
new_side_3/images/Cone_171.jpg,33,50,36,42,38,35,40.0,27.0,46.0,27.0,47,35,49,43,51,51
new_side_3/images/Cone_81.jpg,32,53,35,44,37,36,38.0,28.0,44.0,28.0,45,36,47,44,50,52
new_side_3/images/Cone_95.jpg,29,55,32,44,35,33,37.0,22.0,46.0,22.0,48,34,50,44,52,55
new_side_3/images/Cone_92.jpg,29,57,33,46,36,36,40.0,25.0,48.0,25.0,49,36,50,47,52,58
new_side_3/images/Cone_114.jpg,35,48,36,42,37,36,39.0,31.0,43.0,31.0,44,36,45,42,46,49
new_side_3/images/Cone_65.jpg,14,72,20,45,25,19,0.0,0.0,0.0,0.0,55,19,62,43,70,67
new_side_3/images/Cone_46.jpg,32,51,34,42,37,35,39.0,27.0,44.0,27.0,45,35,46,42,47,50
new_side_3/images/Cone_149.jpg,11,70,15,48,16,22,0.0,0.0,0.0,0.0,47,19,56,44,68,71
new_side_3/images/Cone_166.jpg,25,67,27,56,36,22,38.0,12.0,46.0,12.0,48,22,54,56,56,68
new_side_3/images/Cone_18.jpg,26,56,29,43,33,30,34.0,17.0,44.0,17.0,47,30,51,42,55,55
new_side_3/images/Cone_103.jpg,19,72,22,66,37,18,42.0,2.0,50.0,2.0,52,18,59,66,60,75
new_side_3/images/Cone_89.jpg,34,50,36,45,37,42,38.0,38.0,40.0,38.0,42,42,42,46,43,50
new_side_3/images/Cone_56.jpg,32,51,35,42,38,33,39.0,23.0,47.0,23.0,49,33,51,42,52,53
new_side_3/images/Cone_125.jpg,36,47,37,43,38,39,40.0,35.0,42.0,35.0,42,39,43,43,44,47
new_side_3/images/Cone_45.jpg,32,50,34,43,36,36,38.0,30.0,43.0,30.0,44,36,45,44,46,50
new_side_3/images/Cone_38.jpg,30,53,34,44,37,35,39.0,27.0,47.0,27.0,47,35,48,44,50,54
new_side_3/images/Cone_94.jpg,33,51,35,44,37,38,38.0,32.0,43.0,32.0,44,38,44,44,46,51
new_side_3/images/Cone_75.jpg,33,50,34,42,36,35,37.0,27.0,42.0,27.0,44,34,46,42,47,49
new_side_3/images/Cone_41.jpg,36,47,37,43,39,39,40.0,35.0,43.0,35.0,44,39,44,44,44,48
new_side_3/images/Cone_111.jpg,28,57,30,44,34,31,37.0,16.0,47.0,16.0,50,31,52,44,56,59
new_side_3/images/Cone_158.jpg,20,63,25,44,28,24,32.0,1.0,,,51,22,57,41,64,62
new_side_3/images/Cone_98.jpg,34,52,35,45,37,38,39.0,31.0,44.0,31.0,45,38,46,45,47,52
new_side_3/images/Cone_61.jpg,36,48,37,43,38,38,40.0,34.0,43.0,34.0,44,38,44,43,45,48
new_side_3/images/Cone_11.jpg,36,46,37,42,38,39,39.0,36.0,41.0,36.0,42,39,42,43,43,46
new_side_3/images/Cone_24.jpg,7,73,13,45,17,18,0.0,0.0,0.0,0.0,48,16,57,42,69,67
new_testvideo/images/Cone_62.jpg,27,55,31,41,36,26,41.0,12.0,48.0,13.0,49,27,50,44,52,59
new_testvideo/images/Cone_28.jpg,32,50,35,42,37,36,38.0,29.0,42.0,30.0,42,37,42,43,43,52
new_testvideo/images/Cone_115.jpg,34,47,36,41,38,34,39.0,27.0,44.0,27.0,44,34,45,42,45,48
new_testvideo/images/Cone_136.jpg,34,51,35,45,37,39,38.0,33.0,43.0,33.0,42,40,43,45,44,52
new_testvideo/images/Cone_106.jpg,29,54,34,41,37,29,42.0,13.0,49.0,14.0,50,31,50,45,50,59
new_testvideo/images/Cone_105.jpg,31,51,36,39,38,29,42.0,17.0,48.0,18.0,48,32,48,43,48,56
new_testvideo/images/Cone_103.jpg,32,53,34,44,36,35,38.0,25.0,44.0,26.0,45,35,46,44,48,53
new_testvideo/images/Cone_1.jpg,35,45,36,40,37,34,38.0,29.0,42.0,29.0,42,34,43,40,43,45
new_testvideo/images/Cone_117.jpg,33,50,35,42,37,36,38.0,29.0,43.0,29.0,43,37,43,43,44,51
new_testvideo/images/Cone_94.jpg,32,46,35,40,37,31,39.0,23.0,44.0,24.0,44,32,44,41,44,48
new_testvideo/images/Cone_82.jpg,35,47,36,42,37,37,38.0,32.0,41.0,31.0,41,37,42,42,42,47
new_testvideo/images/Cone_73.jpg,24,60,32,42,38,22,45.0,4.0,56.0,6.0,54,25,54,46,54,66
new_testvideo/images/Cone_135.jpg,34,49,35,43,37,37,38.0,31.0,42.0,31.0,42,38,43,43,44,49
new_testvideo/images/Cone_120.jpg,25,60,32,41,38,22,45.0,2.0,55.0,3.0,55,26,55,45,56,65
new_testvideo/images/Cone_25.jpg,33,52,36,43,39,33,41.0,23.0,47.0,24.0,47,35,47,44,48,55
new_testvideo/images/Cone_38.jpg,22,63,28,43,32,23,37.0,2.0,50.0,3.0,50,25,53,46,55,66
new_testvideo/images/Cone_12.jpg,34,49,36,42,38,36,39.0,29.0,44.0,29.0,44,36,44,42,45,50
new_testvideo/images/Cone_134.jpg,34,50,34,42,36,32,36.0,25.0,41.0,25.0,43,32,45,42,47,48
new_testvideo/images/Cone_118.jpg,33,49,36,43,37,38,38.0,31.0,42.0,32.0,42,38,42,44,42,50
new_testvideo/images/Cone_78.jpg,31,64,34,55,37,46,38.0,37.0,45.0,37.0,44,47,45,56,46,66
new_testvideo/images/Cone_85.jpg,36,49,36,44,37,39,38.0,33.0,41.0,33.0,41,39,42,44,43,49
new_testvideo/images/Cone_131.jpg,28,55,34,42,38,29,42.0,14.0,48.0,15.0,48,32,48,45,49,61
new_testvideo/images/Cone_5.jpg,31,50,33,42,37,30,40.0,21.0,47.0,21.0,46,31,47,43,48,54
new_testvideo/images/Cone_24.jpg,34,49,36,41,38,31,40.0,22.0,46.0,22.0,46,32,47,41,47,51
new_testvideo/images/Cone_49.jpg,35,48,36,42,37,37,38.0,31.0,42.0,30.0,43,37,43,43,44,49
new_testvideo/images/Cone_128.jpg,35,46,37,41,38,36,40.0,30.0,43.0,30.0,43,36,43,41,43,47
new_testvideo/images/Cone_107.jpg,31,53,34,42,36,33,38.0,21.0,45.0,21.0,46,33,47,43,49,55
new_testvideo/images/Cone_88.jpg,30,53,32,44,34,34,36.0,23.0,42.0,22.0,44,34,46,44,48,54
new_testvideo/images/Cone_59.jpg,34,47,35,40,37,32,38.0,26.0,41.0,26.0,42,32,43,40,44,48
new_testvideo/images/Cone_9.jpg,28,56,32,42,34,31,38.0,14.0,46.0,14.0,47,31,50,44,51,57
new_testvideo/images/Cone_140.jpg,32,50,35,41,38,31,39.0,22.0,45.0,21.0,46,31,48,42,49,52
new_testvideo/images/Cone_97.jpg,31,54,35,44,37,34,37.0,22.0,44.0,22.0,45,34,46,43,48,54
new_testvideo/images/Cone_18.jpg,29,55,34,42,38,28,43.0,12.0,51.0,13.0,52,31,52,45,53,62
new_testvideo/images/Cone_31.jpg,21,68,25,43,29,21,,,,,50,21,54,42,59,65
new_testvideo/images/Cone_23.jpg,24,61,33,39,41,20,,,60.0,1.0,57,24,56,45,55,68
new_testvideo/images/Cone_81.jpg,32,45,34,40,35,31,36.0,26.0,41.0,26.0,41,32,42,40,43,46
new_testvideo/images/Cone_127.jpg,30,53,34,42,36,32,39.0,19.0,46.0,20.0,46,33,47,43,48,57
new_testvideo/images/Cone_101.jpg,34,48,36,41,38,36,39.0,29.0,43.0,29.0,43,36,43,42,44,49
new_testvideo/images/Cone_30.jpg,35,49,37,42,39,33,40.0,27.0,45.0,27.0,46,33,46,42,46,49
new_testvideo/images/Cone_21.jpg,30,57,34,44,38,29,42.0,12.0,52.0,13.0,52,31,53,46,56,61
new_testvideo/images/Cone_113.jpg,31,51,36,42,38,33,40.0,23.0,46.0,24.0,46,35,46,44,47,55
new_testvideo/images/Cone_96.jpg,32,48,34,41,36,29,38.0,22.0,44.0,21.0,44,30,45,41,47,50
new_testvideo/images/Cone_3.jpg,35,53,36,47,37,41,38.0,33.0,42.0,33.0,43,40,44,46,44,53
new_testvideo/images/Cone_55.jpg,32,51,34,42,36,33,38.0,25.0,44.0,25.0,45,33,46,43,47,52
new_testvideo/images/Cone_99.jpg,30,51,33,42,35,29,37.0,20.0,43.0,19.0,45,30,46,42,48,54
new_testvideo/images/Cone_47.jpg,33,49,35,43,37,37,38.0,31.0,43.0,31.0,43,38,43,43,43,50
new_testvideo/images/Cone_45.jpg,32,48,34,41,36,32,38.0,24.0,44.0,24.0,44,32,45,42,46,49
new_testvideo/images/Cone_11.jpg,27,54,32,41,37,24,43.0,10.0,50.0,11.0,50,28,49,44,50,60
new_testvideo/images/Cone_95.jpg,30,53,34,43,36,32,39.0,20.0,46.0,20.0,46,32,48,43,50,54
new_testvideo/images/Cone_10.jpg,29,55,31,42,33,29,36.0,13.0,44.0,13.0,47,29,49,42,52,56
new_testvideo/images/Cone_51.jpg,31,51,33,41,36,31,38.0,22.0,46.0,22.0,46,31,46,42,47,52
new_testvideo/images/Cone_61.jpg,28,57,32,43,35,29,37.0,15.0,45.0,14.0,47,28,49,43,53,57
new_testvideo/images/Cone_75.jpg,34,46,36,40,37,35,38.0,29.0,42.0,29.0,42,35,42,41,44,47
new_testvideo/images/Cone_138.jpg,31,52,35,42,38,32,40.0,21.0,47.0,22.0,46,35,47,45,48,58
new_testvideo/images/Cone_141.jpg,34,51,35,42,36,32,37.0,23.0,42.0,23.0,44,32,45,41,47,50
new_testvideo/images/Cone_89.jpg,32,53,34,44,35,35,36.0,26.0,41.0,25.0,42,35,44,43,47,52
new_testvideo/images/Cone_27.jpg,33,48,35,42,37,33,39.0,26.0,44.0,26.0,44,33,45,42,45,49
new_testvideo/images/Cone_116.jpg,35,46,37,40,38,33,40.0,26.0,45.0,26.0,45,33,46,40,46,47
new_testvideo/images/Cone_7.jpg,35,50,36,45,37,39,38.0,33.0,41.0,33.0,42,39,43,44,43,50
new_testvideo/images/Cone_63.jpg,33,47,35,40,38,31,40.0,26.0,44.0,26.0,44,32,44,41,44,48
new_testvideo/images/Cone_125.jpg,32,53,35,43,37,35,39.0,26.0,44.0,26.0,44,36,45,44,46,56
new_testvideo/images/Cone_83.jpg,32,52,34,43,36,35,38.0,25.0,44.0,25.0,44,35,45,44,46,53
new_testvideo/images/Cone_121.jpg,28,62,30,43,30,24,30.0,6.0,39.0,5.0,43,23,47,41,55,60
new_testvideo/images/Cone_112.jpg,34,49,36,40,37,31,39.0,22.0,45.0,22.0,46,31,47,41,47,51
new_testvideo/images/Cone_6.jpg,26,56,31,42,35,28,39.0,12.0,46.0,12.0,48,29,49,43,51,59
new_testvideo/images/Cone_124.jpg,28,57,31,43,32,28,33.0,13.0,43.0,12.0,46,27,49,41,52,56
new_testvideo/images/Cone_126.jpg,29,55,32,44,34,30,37.0,16.0,45.0,16.0,47,30,49,43,50,57
new_testvideo/images/Cone_43.jpg,34,48,36,41,37,36,38.0,29.0,43.0,30.0,42,36,43,43,43,50
new_testvideo/images/Cone_4.jpg,22,64,26,43,28,25,31.0,2.0,42.0,1.0,45,24,50,42,56,64
new_testvideo/images/Cone_16.jpg,30,55,34,44,36,33,38.0,20.0,45.0,20.0,46,33,48,44,50,56
new_testvideo/images/Cone_93.jpg,31,52,34,43,37,34,40.0,24.0,45.0,24.0,45,35,46,43,46,54
new_testvideo/images/Cone_119.jpg,25,61,30,43,34,27,37.0,6.0,48.0,7.0,50,28,52,43,55,61
new_testvideo/images/Cone_17.jpg,31,52,36,40,39,29,43.0,16.0,50.0,18.0,49,31,48,42,49,57
new_testvideo/images/Cone_58.jpg,27,68,31,54,35,39,39.0,25.0,48.0,25.0,48,40,49,57,51,72
new_testvideo/images/Cone_92.jpg,36,50,37,46,38,41,39.0,36.0,43.0,36.0,43,41,44,46,44,50
new_testvideo/images/Cone_13.jpg,26,70,30,58,33,46,36.0,31.0,42.0,32.0,43,46,45,58,48,71
new_testvideo/images/Cone_19.jpg,30,56,34,44,37,34,39.0,21.0,47.0,21.0,48,34,49,45,51,57
new_testvideo/images/Cone_15.jpg,29,55,32,43,35,32,37.0,18.0,44.0,18.0,45,32,47,44,49,57
new_testvideo/images/Cone_79.jpg,31,53,34,44,37,36,38.0,26.0,44.0,26.0,44,36,44,45,47,55
new_testvideo/images/Cone_142.jpg,33,52,35,43,36,32,38.0,23.0,44.0,23.0,45,32,47,43,48,52
new_testvideo/images/Cone_130.jpg,33,48,35,41,36,33,38.0,28.0,42.0,28.0,43,34,44,42,44,48
new_testvideo/images/Cone_8.jpg,34,49,35,43,37,38,39.0,33.0,42.0,33.0,42,38,43,43,43,50
new_testvideo/images/Cone_74.jpg,34,46,36,40,37,35,38.0,28.0,42.0,29.0,42,35,42,41,43,48
new_testvideo/images/Cone_100.jpg,36,47,38,42,39,36,40.0,30.0,44.0,30.0,44,36,44,42,45,48
new_testvideo/images/Cone_123.jpg,34,50,35,44,36,39,36.0,32.0,41.0,32.0,41,39,42,44,43,50
new_testvideo/images/Cone_14.jpg,34,49,35,42,37,35,39.0,28.0,43.0,28.0,43,35,44,42,45,50
new_testvideo/images/Cone_2.jpg,35,47,36,41,37,34,38.0,29.0,42.0,28.0,43,35,44,41,44,48
new_testvideo/images/Cone_67.jpg,31,50,33,42,36,30,38.0,22.0,45.0,22.0,46,31,46,43,47,52
new_testvideo/images/Cone_132.jpg,26,58,30,43,34,26,38.0,9.0,48.0,9.0,48,27,50,44,52,60
new_testvideo/images/Cone_104.jpg,32,50,36,42,38,35,40.0,24.0,46.0,26.0,46,36,46,44,46,53
new_testvideo/images/Cone_36.jpg,34,49,35,42,37,35,38.0,28.0,42.0,28.0,43,35,44,42,45,49
new_testvideo/images/Cone_48.jpg,32,50,34,43,35,33,36.0,24.0,42.0,24.0,43,33,46,42,47,51
new_testvideo/images/Cone_37.jpg,32,52,34,45,35,39,36.0,33.0,40.0,32.0,40,39,41,45,42,52
new_testvideo/images/Cone_39.jpg,20,67,23,46,25,21,,,,,45,19,52,43,58,64
new_testvideo/images/Cone_108.jpg,30,56,35,43,39,30,43.0,13.0,52.0,13.0,52,31,53,46,56,61
new_testvideo/images/Cone_0.jpg,35,55,36,48,37,42,38.0,36.0,42.0,36.0,43,42,43,48,44,54
